ID,Ngày thu thập,Quốc gia,Loại robot,Buyer/User,Use case,Lifecycle stage,Subsystem,Component,Material,Manufacturing process,Supplier/Company,Supplier country/region,China advantage signal,US/AU friction signal,Raw claim / fact,Source URL,Source type,Publication date,Exact evidence snippet / paraphrase ngắn,Confidence,Fact / Hypothesis / Inference,Missing / Unknown,Notes
R083,2026-09-19,AU,Humanoid / general-purpose,Warehouse/logistics operators,Warehouse humanoid pilot,pre-pilot,unknown,unknown,unknown,unknown,unknown,unknown,unknown,unknown,"As of end of August 2026, no Australian warehouse operator has publicly announced a live humanoid deployment, pilot, or proof of concept; NASA's Valkyrie robot worked at Woodside Energy (Perth) in 2023 as an industrial (not warehouse-logistics) use case. 20+ Unitree humanoid models are available via AU distributors, A$12,800-A$302,500.",https://www.ascla.org/humanoids-are-coming-to-the-warehouse/,industry association / publication,2026-08,Paraphrase captured directly in the Raw claim / fact column above (see Source URL for original wording).,medium,fact,"No AU warehouse humanoid pilot/deployment located (gap confirmed, closes Pass-1 gap #1 with an explicit negative-evidence record rather than silence).",Confirms and dates the Pass-1 flagged AU-humanoid gap with a named source.
R084,2026-09-19,AU,Maker / hobby / education robot,K-12 / university students,Robotics competitions (VEX),N/A,unknown,unknown,unknown,unknown,unknown,unknown,unknown,unknown,VEX Robotics 2025-2026 Australian National Championships hosted 200 competitive robotics teams from across Australia competing for spots at VEX Worlds; South Australia was named the new host state for the biennial championship.,https://news.vex.com/2025/03/17/australian-robotics-teams-aim-for-the-world-stage/,industry publication,2025-03,Paraphrase captured directly in the Raw claim / fact column above (see Source URL for original wording).,medium,fact,"No AU-equivalent of the US FIRST 93,000-student scale figure found; VEX AU is reported in team counts, not student counts, so direct US/AU comparison remains unknown.","Closes part of Pass-1 gap #2 (AU maker/hobby participation) with a real, dated AU figure; comparison to US scale still not apples-to-apples."
R085,2026-09-19,AU,Startup-built custom robot systems,VC-backed robotics startups,Robotics/hardware startup funding,N/A,unknown,unknown,unknown,unknown,unknown,unknown,unknown,unknown,"Hardware, Robotics and IoT raised A$297M as part of total Australian startup funding in 2025; the 13 top-ranked AU robotics startups tracked by Seedtable have raised a combined US$339M to date (2026).",https://www.cutthrough.com/insights/state-of-australian-startup-funding-2025,market/industry publication,2025,Paraphrase captured directly in the Raw claim / fact column above (see Source URL for original wording).,medium,fact,"Figure is sector-wide (hardware+robotics+IoT combined), not robotics-only; no single-year robotics-only AU total located.",Closes Pass-1 gap #3 (no AU aggregate robotics-startup funding figure) with the closest available sector-level figure; flagged as not perfectly comparable to a robotics-only figure.
R086,2026-09-19,unknown,"Multiple (humanoid, cobot, AMR)",unknown,unknown,N/A,Motion / actuator,Brake (motor holding brake),unknown,unknown,Kendrion; Warner Electric (Altra/Regal Rexnord); Mayr (ROBA-servostop); KEB; Miki Pulley; SEPAC,"Germany (Kendrion, Mayr); US (Warner Electric, Miki Pulley US, SEPAC)",unknown,unknown,"Kendrion, Warner Electric/Altra, Mayr, KEB, Miki Pulley and SEPAC each manufacture spring-applied electromagnetic holding brakes purpose-built for robot joints/servo motors (e.g. Warner WR220/WR225, Mayr ROBA-servostop, Miki Pulley BXR robotic-arm joint brake) for holding torque when power is removed.",https://www.kendrion.com/en/industries/robotics/brake-technology,company official site,unknown,Paraphrase captured directly in the Raw claim / fact column above (see Source URL for original wording).,medium,fact,No Chinese domestic holding-brake manufacturer or China-cost-advantage signal located for this specific component in this pass.,"Directly closes Pass-1 README gap #6 (brake as a distinct BOM line item, no dedicated source previously found)."
R087,2026-09-19,unknown,"Multiple (humanoid, cobot, AMR)",unknown,unknown,N/A,Motion / actuator,Driver / motor controller board,unknown,unknown,"Yaskawa, Panasonic, Mitsubishi (JP); Lenze, Bosch Rexroth (EU); Kollmorgen, Allied Motion (US); LS, EA, Tonghang (CN)",Japan/EU/US incumbents; China domestic challengers,"Chinese domestic servo-drive/controller makers (LS, EA, Tonghang) exist but in China's own industrial-robot servo-motor market, 85% share is still held by foreign brands (Yaskawa, Panasonic, Mitsubishi, Lenze, Bosch Rexroth) as of this pass — i.e. China has not yet displaced foreign servo/driver suppliers even domestically.",unknown,"In China, 85% of the industrial robot servo motor (and associated driver) market is held by foreign brands (Yaskawa, Panasonic, Mitsubishi, Lenze, Bosch Rexroth); Chinese domestic manufacturers named include LS, EA, and Tonghang E-Drive.",https://www.thservodrive.com/news/top-10-servo-motor-manufacturers-in-china-85274378.html,industry publication (China-focused),unknown,Paraphrase captured directly in the Raw claim / fact column above (see Source URL for original wording).,medium,fact,"No separately-sourced evidence for the driver/controller board as distinct from the servo motor itself (they are usually bundled in available sources) — closes Pass-1 gap #6 partially, flagged as still coupled with motor data.","Contradicts the general 'China dominates robot components' framing for this specific component — kept as its own record per raw-data rule, not merged into a single China-advantage conclusion."
R088,2026-09-19,unknown,"Multiple (industrial arm, cobot)",unknown,unknown,N/A,Safety,Safety light curtain / laser scanner / safety PLC,unknown,unknown,unknown,unknown,unknown,unknown,"ISO 10218-1:2025 and ISO 10218-2:2025 (revised industrial robot safety standard) specify functional-safety performance levels PL d / SIL 2 for Class II robots and PL b / SIL 1 for Class I robots per ISO 13849-1:2023 / IEC 62061:2021; ISO 13855 governs contactless safeguards (light curtains, laser scanners) used to detect humans near robots; unified safety architectures combine safety laser scanners, light curtains, 3D vision and safety PLCs.",https://www.iso.org/standard/73933.html,standards body (ISO),2025,Paraphrase captured directly in the Raw claim / fact column above (see Source URL for original wording).,high,fact,No specific US/AU/China manufacturer market-share breakdown for safety light curtains/laser scanners located in this pass.,"Opens the Safety subsystem (required by issue, not present in Pass 1) with a primary standards-body source."
R089,2026-09-19,unknown,"Multiple (humanoid, industrial arm)",unknown,unknown,N/A,Thermal / cooling,Heat sink / liquid cooling module for joint actuator,unknown,unknown,T-Global Technology; Lori Thermal; Keli Sensing Technology (Ningbo); Zhejiang Sanhua; Ziitek,"China (Lori, Keli, Sanhua, Ziitek); US (T-Global)","Multiple specialized China-based thermal-component makers (Lori, Keli Sensing/Ningbo, Zhejiang Sanhua, Ziitek) supply purpose-built humanoid/robot-joint cooling modules (heat sinks, compact liquid-cooling modules for bipedal robots, PCM/thermal-gel/potting-compound solutions), indicating a maturing China-based specialty thermal-component supply cluster for humanoid actuators specifically.",unknown,"Established robot OEMs (FANUC, ABB, KUKA, Siemens) use integrated forced-air + heat-sink cooling; specialized suppliers (Lori, Keli Sensing/Ningbo, Zhejiang Sanhua, Ziitek, all China-based, plus US-based T-Global) offer purpose-built heat sinks, compact liquid-cooling modules for bipedal-robot joints, and PCM/thermal-gel/potting-compound solutions for humanoid actuator thermal management.",https://www.lorithermal.com/robot-cooling-solutions,company official site / industry publication,unknown,Paraphrase captured directly in the Raw claim / fact column above (see Source URL for original wording).,low,supplier-claimed,No independent (non-vendor) source quantifying thermal-management cost or US/AU local-capacity signal for this subsystem was located.,"Opens the Thermal/cooling subsystem (required by issue, not present in Pass 1)."
R090,2026-09-19,unknown,Multiple,unknown,unknown,N/A,Wiring / connectors,Cable assembly / wire harness / connector,unknown,"Cable/harness assembly (manual + automated), connector termination","Molex; JST; Hirose; TE Connectivity (connector OEMs); WellPCB, OurPCB, Wiringo, Y.C. Cable, Kato Cable (harness assemblers)","US/Japan/global (Molex, JST, Hirose, TE Connectivity connector OEMs); China/Thailand/Philippines (harness assembly production)","Robotics wire-harness/cable-assembly production capacity is concentrated in China, Thailand and Philippines; several assemblers (e.g. WellPCB) combine PCB fab and cable assembly under one roof in Shenzhen/Shijiazhuang, letting a robotics OEM single-source control PCBs and custom high-flex harnesses together.",unknown,"Global connector component makers (Molex, JST, Hirose, TE Connectivity) supply the terminals/connectors; harness assembly for robotics (high-flex, torsion-resistant, EMI-optimized, built to IPC/WHMA-A-620 Class 3 and ISO 9001) is concentrated in China, Thailand and Philippines production facilities.",https://www.ourpcb.com/top-robotics-cable-assembly-manufacturers,industry publication / company site,unknown,Paraphrase captured directly in the Raw claim / fact column above (see Source URL for original wording).,medium,fact,No specific US-based robotics harness-assembly capacity/onshoring signal located in this pass.,"Opens the Wiring/connectors subsystem (required by issue, not present in Pass 1)."
R091,2026-09-19,unknown,"Multiple (cobot, humanoid, surgical)",unknown,unknown,N/A,Motion / actuator,Torque / force-torque sensor (wrist/joint),unknown,unknown,"ATI Industrial Automation (US); OnRobot (DK); Bota Systems (CH); Sunrise Instruments/SRI, Robotous (KR), Shenzhen Chengzhou, Changzhou Kunwei (CN); Robotiq (CA); FUTEK (US)","US/EU/Korea incumbents; China (Shenzhen Chengzhou, Changzhou Kunwei) challengers",unknown,unknown,"6-axis force/torque sensors mounted at the robot wrist enable compliant manipulation and force-guided assembly; ATI's range spans a 17mm Nano17 up to the Omega331 (21,000 lbf); named suppliers span US (ATI, FUTEK), EU (OnRobot, Bota), Korea (Sunrise Instruments, Robotous) and China (Shenzhen Chengzhou KWR82 series for cobots/surgical/service robots; Changzhou Kunwei).",https://www.engineering.com/starter-guide-to-six-axis-force-and-torque-sensors/,industry publication,unknown,Paraphrase captured directly in the Raw claim / fact column above (see Source URL for original wording).,medium,fact,No price or market-share comparison between US/EU and Chinese torque-sensor makers located in this pass.,Closes Pass-1 gap for 'torque sensor' as a named component in the issue's example Motion chain.
R092,2026-09-19,unknown,"Multiple (humanoid, cobot, AMR)",unknown,unknown,N/A,Motion / actuator,Bearing (crossed-roller / thin-section),Steel (bearing steel),Precision grinding / forging,Luoyang E-Find Precision Bearing; Luoyang Precision Bearing; Zhejiang Xinchun Bearing; Tedin Bearing; UKL Bearing,"China (Henan/Luoyang, Guangdong/Pearl River Delta, Shandong, Hunan, Anhui clusters)","China's robotic-bearing supply is geographically clustered: Luoyang (Henan) is a historic precision-bearing hub (Luoyang E-Find, Luoyang Precision Bearing); Guangdong's Pearl River Delta (Shenzhen/Dongguan/Guangzhou) combines export logistics with tech-integrated manufacturing; crossed-roller and constant-section thin-wall bearings for robot joints/slewing rings are the dominant robotics bearing types made in these clusters.",unknown,"China's robotic-bearing manufacturing is concentrated in named regional clusters (Henan/Luoyang, Guangdong Pearl River Delta, Shandong, Hunan, Anhui); crossed-roller bearings and constant-section thin-wall bearings are the primary bearing types used in robot joints, slewing units and precision rotary tables; Chinese suppliers are described as 'increasingly competing on technology, quality and reliability rather than just price' though quality/delivery inconsistency is also flagged.",https://www.cwlbearing.com/blog/best-robot-bearing-suppliers-china-global-buyers/,industry publication / company site,unknown,Paraphrase captured directly in the Raw claim / fact column above (see Source URL for original wording).,low,supplier-claimed,"No US or AU domestic robot-grade precision-bearing manufacturer identified in this pass (a specific US/AU capacity gap, not yet confirmed as fully absent).",Deepens Pass-1's general bearing coverage with named China cluster geography.
R093,2026-09-19,US,Agriculture robot,Row-crop / specialty-crop farmers,Laser/AI weeding,commercial,unknown,unknown,unknown,unknown,unknown,unknown,unknown,unknown,"Carbon Robotics launched a purpose-built 'large plant model' (LPM) for agriculture AI in Feb 2026, expanding its AI-powered LaserWeeder autonomous-farming product line; the US agricultural robots market is estimated at US$17.73B in 2025, projected to reach US$56.26B by 2030 (26.0% CAGR).",https://www.researchandmarkets.com/articles/key-companies-in-agriculture-robots,market research report,2026-02,Paraphrase captured directly in the Raw claim / fact column above (see Source URL for original wording).,medium,fact,"Market figure is agriculture-robots-market-wide, not laser-weeding-specific.",
R094,2026-09-19,US,Agriculture robot,Strawberry/specialty-crop growers,Robotic harvesting,commercial,unknown,unknown,unknown,unknown,unknown,unknown,unknown,unknown,Harvest CROO Robotics specializes in automating strawberry picking; FarmWise Labs offers robotic platforms for selective weeding and plant-level analytics using a machine-learning-driven approach; both are named as frontrunners in US robotic harvesting/selective crop care.,https://www.imarcgroup.com/united-states-agricultural-robots-market,market research report,2025,Paraphrase captured directly in the Raw claim / fact column above (see Source URL for original wording).,medium,fact,No unit-deployment or revenue figures for Harvest CROO or FarmWise specifically located.,
R095,2026-09-19,AU,Agriculture robot,Broadacre / row-crop farmers,Autonomous spraying / weeding fleet,commercial,unknown,unknown,unknown,unknown,unknown,unknown,unknown,unknown,SwarmFarm Robotics (Australia) develops autonomous agricultural robot fleets; LYRO Robotics (Australia) provides robotic picking and packing solutions; UTS Robotics Institute runs an agriculture-robotics research partnership aimed at Australian farm productivity/supply-chain optimization.,https://www.uts.edu.au/research/centres/robotics-institute/partner-us/agriculture-robotics,university / research institute,unknown,Paraphrase captured directly in the Raw claim / fact column above (see Source URL for original wording).,medium,fact,No AU agriculture-robot fleet-size or revenue figures located in this pass.,
R096,2026-09-19,unknown,Agriculture robot,unknown,unknown,N/A,Perception / sensor,Machine vision / LiDAR / GNSS module / inertial sensor,unknown,unknown,unknown,unknown,unknown,unknown,"Agricultural-robot value chain spans sensors, cameras, LiDAR, GNSS modules, electric drives, actuators (hydraulic cylinders, linear/rotary motors) and flight controllers; in unstructured field environments, cameras, LiDAR, ultrasonic sensors and satellite navigation are combined for navigation and task execution (weeding, spraying, harvesting, sorting, livestock monitoring, milking, shearing, greenhouse automation).",https://pdfs.semanticscholar.org/7d2c/52cc8cadc20ee186e0033ca47cfd43d40546.pdf,academic paper (review),unknown,Paraphrase captured directly in the Raw claim / fact column above (see Source URL for original wording).,medium,fact,none,"Academic-paper-sourced subsystem/component breakdown for Agriculture robot category, closes prior category-level-only coverage."
R097,2026-09-19,US,Inspection / field robot,Oil & gas pipeline operators; water utilities,Crawler-based pipeline/asset inspection,commercial,unknown,unknown,unknown,unknown,unknown,unknown,unknown,unknown,"Approximately 58% of US oil pipeline operators adopted robotic inspection systems during 2025; more than 41% of US water utility companies integrated crawler-based inspection robots into underground pipeline assessment; pipeline intelligent inspection robot market sized at US$1.2B in 2026, projected US$4.26B by 2035 (14% CAGR).",https://www.businessresearchinsights.com/market-reports/pipeline-intelligent-inspection-robot-market-115050,market research report,2026,Paraphrase captured directly in the Raw claim / fact column above (see Source URL for original wording).,medium,fact,No AU-specific pipeline/utility inspection-robot adoption percentage located.,
R098,2026-09-19,Global,Inspection / field robot,Utility/grid operators,Powerline inspection,commercial,unknown,unknown,unknown,unknown,unknown,unknown,unknown,unknown,"Powerline Inspection Robots Market valued at US$659.1M (2025), projected US$760.6M (2026), reaching US$3,185.8M by 2036 (15.4% CAGR); driven by grid modernization and AI-driven asset inspection.",https://www.futuremarketinsights.com/reports/powerline-inspection-robots-market,market research report,2026,Paraphrase captured directly in the Raw claim / fact column above (see Source URL for original wording).,medium,fact,"Global figure, not US/AU split.",
R099,2026-09-19,US,Service robot,Hospitals / healthcare facilities,Delivery robot / non-clinical task automation,commercial,unknown,unknown,unknown,unknown,unknown,unknown,unknown,unknown,"Service robot market estimated at US$72.46B in 2026, projected to exceed US$212B by 2034; healthcare accounts for ~25% of service-robot market share; hospitals deploying delivery robots report 30-50% reduction in supply-delivery time and 15-20% decrease in nursing time on non-clinical tasks.",https://www.idtechex.com/en/research-report/service-robots/1139,market research report,2026,Paraphrase captured directly in the Raw claim / fact column above (see Source URL for original wording).,medium,fact,Global figure not US-only; hospital efficiency stats source not independently verified against a primary hospital study.,
R100,2026-09-19,US,Service robot,Commercial real estate / hospitality operators,Commercial cleaning robot,commercial,unknown,unknown,unknown,unknown,unknown,unknown,unknown,unknown,"US Commercial Cleaning Robots Market reached US$657.2M in 2025, projected to reach US$3,326.6M by 2033 (22.7% CAGR), led by floor-cleaning robots (~50% share); RaaS (Robotics-as-a-Service) represents 60% of the service-robot deployment model vs 40% ownership.",https://www.openpr.com/news/4551399/future-of-u-s-commercial-cleaning-robots-market-2026-market,market research report,2026,Paraphrase captured directly in the Raw claim / fact column above (see Source URL for original wording).,medium,fact,none,
R101,2026-09-19,US,Service robot,Luxury hotel operators,Hospitality/guest-service robot,commercial,unknown,unknown,unknown,unknown,unknown,unknown,unknown,unknown,"Global Hospitality Robot Market reached ~US$0.79B in 2025, projected US$0.98B in 2026 rising to US$7.05B by 2035 (24.5% CAGR); over 45% of luxury hotels have deployed service robots to enhance guest safety/operational efficiency.",https://www.marketresearchfuture.com/reports/hospitality-robot-market-26539,market research report,2025,Paraphrase captured directly in the Raw claim / fact column above (see Source URL for original wording).,low,fact,Global figure and '45% of luxury hotels' stat source methodology not independently verified.,
R102,2026-09-19,US,AMR / warehouse / logistics,3PL / e-commerce fulfillment,Pick-assist / goods-to-person AMR fleet,commercial,unknown,unknown,unknown,unknown,unknown,unknown,unknown,unknown,"Global warehouse robotics market reached US$8.2B in 2025 (45% annual growth); Locus Robotics reported deployments at 350+ sites worldwide (April 2026) and surpassed 4 billion cumulative picks; Amazon operates 750,000+ robots across its global fulfillment network; 6 River Systems (acquired by Shopify 2019, then Ocado 2023) runs the 'Chuck' collaborative-AMR model.",https://standardbots.com/blog/warehouse-robotics-companies,industry publication,2026-04,Paraphrase captured directly in the Raw claim / fact column above (see Source URL for original wording).,medium,fact,Global/US figures blended; no AU-specific AMR-warehouse adoption figure located in this search round.,
R103,2026-09-19,US,Cobot / industrial arm / machine tending,Automotive / metal-machining manufacturers,"Machine tending (die casting, press tending, welding)",commercial,unknown,unknown,unknown,unknown,unknown,unknown,unknown,unknown,"US collaborative-robot market projected at ~US$2B in 2026 (global cobot market US$2.28B in 2026); Machine Tending is the highest-valuation US cobot application segment at US$850.0M; Universal Robots holds ~40% global cobot market share with 100,000+ installed units and introduced UR8 Long/UR15/UR18/UR30 models (2024-2025) targeting heavy machine-tending payload gaps in metal machining, die casting and press tending.",https://robotomated.com/learn/market/cobot-adoption-manufacturing-2026,industry publication,2026,Paraphrase captured directly in the Raw claim / fact column above (see Source URL for original wording).,medium,fact,"This is one of at least two cobot-market-size figures found across Pass 1 + Pass 2 that materially disagree — kept as a separate record per raw-data rule (see Pass-1 gap #9), not merged/averaged.",
R104,2026-09-19,Global,Multiple,unknown,unknown,N/A,unknown,Housing / bracket / enclosure (injection-molded),unknown,Injection molding,unknown,unknown,"China injection-mold tooling costs 40-65% less than US tooling; real total-landed-cost savings after freight/QC/tariffs are 35-50%; China becomes the better fit once annual volume exceeds ~1,000 pieces and the mold is complex.","Section 301 tariffs on Chinese-manufactured plastic goods range 25-50% depending on classification (as of this pass), eroding part of the raw per-part cost advantage; US delivers in 6-8 weeks vs China's 10-14 weeks.","US 2026 injection-molding tooling runs US$15,000-120,000 with parts at US$0.35-6.00 (assuming 4-cavity hardened-steel mold, 25-35s cycle, robotic pick/place, US Gulf resin pricing); China tooling costs 40-65% less nominally, 35-50% less on true landed cost after including Section 301 tariffs (25-50% on Chinese plastic goods), freight, inventory carry and quality-escalation costs.",https://www.jaycon.com/2026-injection-molding-pricing-report-us-costs-reshoring-tooling-data/,industry publication / pricing report,2026,Paraphrase captured directly in the Raw claim / fact column above (see Source URL for original wording).,medium,fact,No AU-specific injection-molding cost/tariff data located.,"Directly extends Pass-1 manufacturing-processes.csv, which only had CNC cost data (R052/R053), not injection molding."
R105,2026-09-19,unknown,Multiple,unknown,unknown,N/A,unknown,Housing / joint / structural bracket (die-cast),unknown,"Die casting (aluminum, zinc)",unknown,"China (Guangdong, Zhejiang, Jiangsu foundry clusters)","Dense China foundry clusters (Guangdong, Zhejiang, Jiangsu) bundle die casting with toolmaking, heat treatment, surface finishing and metallurgy labs in one regional supply ecosystem; named die-casters produce robot joint housings, arm components, motor housings and structural support parts, ready for assembly with in-house CNC/drilling/tapping/finishing; ISO 9001/IATF 16949/ISO 14001 certification is now standard among top-tier Chinese aluminum die-casters; most Chinese die-cast output is exported to the US, Canada, Germany, France, Italy and other markets.",unknown,"China aluminum die-casting for robotics parts (joint housings, arm components, motor housings, covers, structural supports) is concentrated in Guangdong/Zhejiang/Jiangsu foundry clusters that bundle casting with toolmaking, heat treatment and finishing under one roof; automation and AI-driven process monitoring are increasingly used to raise yield.",https://casting-yz.com/robot-parts/,company official site / industry publication,unknown,Paraphrase captured directly in the Raw claim / fact column above (see Source URL for original wording).,low,supplier-claimed,No US/AU die-casting capacity-for-robotics-parts signal located in this pass — a specific gap.,
R106,2026-09-19,unknown,Multiple,unknown,unknown,N/A,Motion / actuator,Motor winding / magnet wire (enameled copper wire),Copper (enameled magnet wire),Motor winding,unknown,"China (multiple named manufacturers: JOGO Group, Windoo, Shenzhou/CCA Wire, Jiangsu Yuheng, Hengte Electric)","China's EV-stator manufacturing clusters are reported to 'outpace Germany's industrial motor rebuild sector in magnet-wire procurement velocity'; multiple dedicated Chinese magnet-wire manufacturers (JOGO Group, Windoo, Shenzhou/CCA, Jiangsu Yuheng, Hengte) supply enameled copper/aluminum winding wire at bulk/overseas pricing; ultra-fine magnet wire with precise tolerances is specifically called out as required for smaller motors in drones, robotics and medical devices.",unknown,"The global Copper Magnet Wire Market was sized at US$34.8B in 2026, projected to reach US$67.28B by 2035 (7.60% CAGR); China motor-winding-wire suppliers are commonly sourced in bulk by overseas motor/robotics manufacturers for lower production cost and scalable supply.",https://markwideresearch.com/copper-magnet-wire-market,market research report,2026,Paraphrase captured directly in the Raw claim / fact column above (see Source URL for original wording).,low,fact,No US-domestic magnet-wire manufacturing-capacity figure located for direct comparison in this pass.,
R107,2026-09-19,unknown,Multiple,unknown,unknown,N/A,Compute / controller,PCB (fabrication) / SMT assembly (control board),unknown,"PCB fabrication, SMT assembly",unknown,"China (dominant); US (Calumet Electronics, Michigan — reshoring effort)","China's dominance in robot-PCB manufacturing is attributed to large-scale investment in electronics-manufacturing infrastructure, skilled engineering talent, mature component/raw-material supply chains, and continuous technology adoption, making advanced capability available at competitive prices.","US 'Onshoring Advanced Packaging and Assembly' workshop (2024, DoD-adjacent) flags that 100% onshoring of PCB manufacturing is not achievable near-term; 'nearshoring' (diversifying assembly location, not full onshoring) is described as the realistic near-term goal; Calumet Electronics is investing in a 200,000 sq ft PCB manufacturing upgrade in Michigan as a named US reshoring data point.","Industrial robotics/automation rely on SMT (surface-mount technology) assembly for control modules, sensors and power devices; China's PCB/SMT dominance for robotics is attributed to infrastructure investment, skilled labor and mature component supply chains; the US pursues 'nearshoring' rather than full onshoring as the realistic near-term policy goal, with Calumet Electronics (Michigan) cited as a concrete US capacity-expansion example.",https://iconnect007.com/article/141280/material-insight-diversifying-pcb-manufacturing-through-nearshoring/141277/smt,industry publication,unknown,Paraphrase captured directly in the Raw claim / fact column above (see Source URL for original wording).,medium,fact,No AU PCB/SMT manufacturing-capacity signal located.,
R108,2026-09-19,US,Multiple,unknown,unknown,N/A,Motion / actuator,Electrical steel lamination (motor stator/rotor core),Electrical (silicon) steel,Stamping / lamination,unknown,unknown,unknown,"Electrical steel prices have risen 60-80% since 2020 due to supply-chain disruption and energy-cost inflation; global scrap-steel export restrictions from major suppliers including China and Russia further pressure input costs; the US Advanced Manufacturing Production Credit provides direct subsidies for domestic electrical-steel lamination production, intended to favor domestic suppliers over imports as part of a broader reshoring push.","Electrical Steel Lamination Market valued at US$29.4B in 2026, projected to expand to US$57.8B by 2035; electrical steel prices up 60-80% since 2020; US federal Advanced Manufacturing Production Credit subsidizes domestic lamination production as an onshoring incentive; transformer-OEM supply-chain risk planning is dominated by US-China tariff exposure, with production concentrated in China, Japan and Germany.",https://markwideresearch.com/electrical-steel-lamination-market,market research report,2026,Paraphrase captured directly in the Raw claim / fact column above (see Source URL for original wording).,low,fact,No AU electrical-steel capacity/import-dependency figure located.,
R109,2026-09-19,unknown,Multiple,unknown,unknown,N/A,Mechanical structure / End-effector,"Gears, hinges, casings, joint components (engineering plastic)",PEEK; Nylon/Polyamide (PA); ABS; Polycarbonate (PC),3D printing (FDM/SLS) and injection molding,unknown,unknown,unknown,unknown,"PEEK is used in robot joint gears, sensor housings and motor insulation parts for its high-temperature resistance, mechanical strength and chemical stability; Nylon/PA is used across robotics, aerospace and medical-prosthetic parts requiring durability across temperature/load ranges; ABS and PC are named as common 3D-printing engineering-plastic feedstocks for functional robot parts (gears, hinges, casings).",https://jlc3dp.com/help/article/peek-plastic,company official site / industry publication,unknown,Paraphrase captured directly in the Raw claim / fact column above (see Source URL for original wording).,medium,fact,No quantitative share of robot BOMs made of PEEK vs Nylon vs ABS/PC located — closes part of Pass-1 gap #8 (3D-printing material identification) qualitatively but not quantitatively.,
R110,2026-09-19,unknown,Multiple,unknown,unknown,N/A,Motion / actuator,Motor magnets (NdFeB rare-earth permanent magnet),Neodymium-iron-boron (NdFeB),unknown,unknown,unknown,Most rare-earth magnets sold in the US are made in China; China holds the world's largest rare-earth mineral reserves and outproduces the second-largest producer (the US) by more than 5:1.,"A 25% additional Section 301 duty on Chinese-origin permanent magnets took effect January 1, 2026 — the first time rare-earth magnets were included in a Section 301 action since the 2018 US-China trade war began; magnet prices for US importers/resellers are projected ~55% higher in 2026 vs 2024 as a direct result.","US Section 301 tariff review (finalized Sept 18, 2024 Federal Register notice) added a 25% duty on Chinese permanent magnets effective Jan 1, 2026; resulting US magnet prices are projected ~55% higher in 2026 than 2024; China's reserve/output advantage (5x+ US production) underlies the dependency.",https://www.duramag.com/techtalk/magnet-news/understanding-the-2026-section-301-tariffs-on-permanent-magnets-what-the-market-needs-to-know/,industry publication / company site,2026,Paraphrase captured directly in the Raw claim / fact column above (see Source URL for original wording).,high,fact,No AU-specific magnet-tariff/import-dependency data located.,Directly extends Pass-1's R047 (DoD funding E-VAC Magnetics) with the concrete 2026 tariff mechanism and price-impact figure.
R111,2026-09-19,unknown,Startup-built custom robot systems,2-15 person hardware-robotics startup team,CAD-to-prototype-to-BOM workflow,N/A,unknown,unknown,unknown,unknown,unknown,unknown,unknown,unknown,"Typical hardware-startup prototyping workflow: define acceptance criteria/critical dimensions before build -> CAD in Onshape/SolidWorks/Fusion -> export clean STEP (machining) or STL (additive) files for quoting -> maintain a synced Bill of Materials (BOM) with part numbers/manufacturers/specs (manual BOM re-entry per revision flagged as a common build-error source) -> use modular/off-the-shelf components (microcontrollers, sensor modules, motor controllers) where possible to reduce custom-part scope -> use cable-assembly vendors rather than build wiring in-house.",https://additive3dasia.com/news/example-rapid-prototyping-workflow-hardware-startups/,industry publication,unknown,Paraphrase captured directly in the Raw claim / fact column above (see Source URL for original wording).,medium,fact,"Still no source-quantified breakdown for the specific 2-10 person startup tooling budget/scale (Pass-1 gap #7); this closes the workflow-sequence gap, not the cost/scale gap.",
R112,2026-09-19,unknown,Startup-built custom robot systems,Solo founder / very small team,Hardware-startup team composition risk,N/A,unknown,unknown,unknown,unknown,unknown,unknown,unknown,unknown,"A solo founder building a robotics hardware company is described by investors as a 'red flag' because of the breadth of required expertise spanning mechanical, electrical, software, ML and domain knowledge; a minimum viable robotics build team is typically described as needing at least one mechanical/electrical engineer able to design a custom PCB, select actuators and build a prototype using 3D printing and CNC.",https://www.roboticscenter.ai/learn/how-to-start-robotics-company,industry publication,unknown,Paraphrase captured directly in the Raw claim / fact column above (see Source URL for original wording).,low,inference,"Qualitative investor-perception claim, not a quantified survey of team-size distribution.",
R113,2026-09-19,unknown,Multiple,unknown,unknown,N/A,Perception / sensor,LiDAR (mechanical / solid-state),unknown,unknown,"Hesai Group; RoboSense; Huawei; Seyond; Valeo (automotive-origin, cross-applies to robotics); Velodyne (US, declined)","China (Hesai, RoboSense, Huawei, Seyond); France (Valeo); US (Velodyne, legacy)","Hesai and RoboSense (both China) are the two leading LiDAR suppliers for the humanoid/quadruped robotics segment in China per GGII rankings; Hesai's robotics-LiDAR shipments grew 5x to 239,000 units in 2025, RoboSense's grew 12x to 303,000 units in the same period; Hesai leads even the North America LiDAR market with vertically integrated production; five players (Hesai, Huawei, RoboSense, Seyond, Valeo) hold 90%+ combined automotive/robotics LiDAR market share, having displaced US-based Velodyne (historic market leader, now declined).",unknown,"Hesai Technology's total LiDAR shipments were projected at 1.2-1.5 million units in 2025 with ~200,000 for robotics; Hesai's robotics-segment shipments surged over 5x to 239,000 units in 2025; RoboSense's robot-LiDAR sales surged over 12x to 303,000 units in the 12 months ended Dec 31, 2025; both are China-based and have displaced the US's Velodyne as market leader.",https://www.yicaiglobal.com/news/chinas-robosense-hesai-see-robot-lidar-sales-surge-in-2025,industry publication / financial news,2025-2026,Paraphrase captured directly in the Raw claim / fact column above (see Source URL for original wording).,high,fact,No US-based robotics-LiDAR manufacturer with comparable scale identified in this pass — a specific US capacity gap.,
R114,2026-09-19,unknown,Multiple,unknown,unknown,N/A,Compute / controller,Edge AI compute module / SoC (on-robot inference),unknown,unknown,NVIDIA (Jetson Orin/Thor family); e-con Systems (carrier boards/integration),"US (NVIDIA, fabless; design in US)",unknown,unknown,"NVIDIA's Jetson Thor family (2026) includes the Jetson T3000 module - 865 FP4 teraflops, Blackwell GPU, 8-core Neoverse Arm CPU, 32GB LPDDR5X, 273GB/s bandwidth - and the entry Jetson T2000 (400 FP4 teraflops, 16GB) targeting AMRs and industrial manipulators; the Jetson Orin Nano 2 targets entry-level edge AI for delivery/inspection drones and robots at a 40W power envelope, ~2x inference performance of its predecessor at 40% less power.",https://www.edge-ai-vision.com/2026/07/nvidia-introduces-new-jetson-thor-computers-to-advance-mainstream-robotics-and-edge-ai/,industry publication / company announcement,2026-07,Paraphrase captured directly in the Raw claim / fact column above (see Source URL for original wording).,high,fact,"NVIDIA is fabless — actual chip fabrication (likely TSMC, Taiwan) not addressed in this source; no China-based competitor edge-AI-SoC-for-robotics identified in this specific search round.",
R115,2026-09-19,unknown,Multiple,unknown,unknown,N/A,Power,Battery pack (Li-ion cell + BMS),Lithium-ion (cylindrical/pouch cell chemistries),unknown,"Samsung SDI, LG Energy Solution, Panasonic Energy (non-China); CATL, BYD, EVE Energy, Gotion, CALB, Sunwoda, Farasis, REPT BATTERO, SVOLT (China)","Korea/Japan (Samsung SDI, LG Energy Solution, Panasonic); China (CATL, BYD, EVE, Gotion, CALB, Sunwoda, Farasis, REPT BATTERO, SVOLT)","BYD holds a market share exceeding 35% in warehouse-logistics AGV and airport-ground-handling-robot batteries specifically; roughly 60-70% of warehouse-robot batteries consumed in the US are sourced from Asian manufacturers, primarily China, South Korea and Japan.","As of 2026 the effective US tariff rate on many Chinese battery imports is 7.5-25% depending on product classification, reshaping robot-battery procurement decisions; LG Energy Solution signed an exclusive cylindrical-battery supply agreement with Bear Robotics (service/logistics robots) and Panasonic Energy signed a multi-year 2170-cell supply agreement with Zoox, showing non-China supply is being actively contracted for by some US robotics buyers.",BYD holds >35% share of warehouse-AGV/airport-ground-handling-robot batteries; ~60-70% of US warehouse-robot batteries are Asian-sourced (mostly China/Korea/Japan); Li-ion packs are ~80-90% of new robot battery installations by value as of 2026; US tariff on Chinese battery imports is 7.5-25% depending on classification.,https://manlybattery.com/top-robot-battery-manufacturers-in-2026-for-industrial-and-service-robots/,industry publication,2026,Paraphrase captured directly in the Raw claim / fact column above (see Source URL for original wording).,medium,fact,No AU-specific robot-battery sourcing-share figure located.,Extends Pass-1's R051 (battery cell import dependency) with named suppliers and a quantified tariff range.
R116,2026-09-19,unknown,Multiple,unknown,unknown,N/A,End-effector,Gripper (electric parallel/multi-finger),unknown,unknown,Schunk (DE); Festo (DE); OnRobot (DK); Robotiq (CA); DESTACO (US); SMC Corporation (JP); Applied Robotics (US),Germany/Denmark/Canada/US/Japan (no dominant China gripper OEM identified in this search),unknown,unknown,"Global Robot End-Effector market valued ~US$2,200.14M in 2026 (one tracker), projected to reach US$8,832.56M by 2035 (16.7% CAGR — note: figures as reported, magnitude discrepancy with other end-effector market reports not reconciled in this pass); electric grippers now account for 58% of industrial robotic end-effector sales, surpassing pneumatic grippers on energy efficiency/precision; Robotiq (founded 2008, Canada) targets SME-accessible automation; OnRobot's 2FG14/3FG25 (April 2024) supports 25kg payload across dozens of cobot brands via universal mounting plates; Schunk added AI-ready gripping tech in 2025.",https://www.giiresearch.com/report/tbrc1933554-robot-end-effector-global-market-report.html,market research report,2026,Paraphrase captured directly in the Raw claim / fact column above (see Source URL for original wording).,low,fact,"Market-size figure looks anomalously large relative to other end-effector reports found in this and Pass-1 research — flagged as a possible reporting/unit error, kept as its own record per raw-data rule rather than silently corrected or discarded. No dominant China-based gripper OEM was identified in this specific search round (unlike LiDAR/battery/bearing where China leads) — logged as a specific gap/negative finding, not assumed.",
R117,2026-09-19,unknown,Multiple,unknown,unknown,N/A,Communication,Industrial fieldbus (EtherCAT) master/slave IC and wireless (Wi-Fi) module,unknown,unknown,"Beckhoff Automation (DE, EtherCAT originator); Microchip Technology, Infineon, Renesas, Freescale/NXP, Atmel (chip vendors); Advantech (I/O modules)","Germany (Beckhoff); US/EU (Microchip, Infineon, Renesas chip vendors)",unknown,unknown,"EtherCAT (originated by Beckhoff Automation, Germany) is administered by the EtherCAT Technology Group (~2,400 member companies); EtherCAT Slave Controllers are available as ASIC, FPGA-based, or integrated into standard microprocessors from Microchip, Infineon, Renesas, Freescale and Atmel; wireless connectivity for EtherCAT-based systems can use modules such as Microchip's RN171 Wi-Fi module.",https://www.ethercat.org/en/technology.html,industry standards body (EtherCAT Technology Group),unknown,Paraphrase captured directly in the Raw claim / fact column above (see Source URL for original wording).,medium,fact,"No China-based EtherCAT/fieldbus chip supplier or China-advantage signal located for this specific component — opens the Communication subsystem (required by issue, not present in Pass 1) but with a US/EU/Germany-weighted evidence base only.",
R118,2026-09-19,US,Multiple,unknown,unknown,N/A,unknown,unknown,unknown,unknown,unknown,unknown,unknown,"Nearly 500,000 US manufacturing jobs remain unfilled as of this pass because factories increasingly require digital/robotics/AI skills current training systems cannot supply at scale; researchers project up to 1.9 million unfilled manufacturing jobs if the skills/applicant gap is not addressed; 26% of the manufacturing workforce is 55+ vs only 8% aged 16-24 (vs ~13% in other sectors); recruitment/retention has ranked the #1 manufacturer concern for 5 consecutive years, above inflation and tariffs.","US robot shipments are forecast to grow from ~45,000-46,000 units in 2025 to ~120,000 units by 2030, explicitly linked in the source to the labor-shortage-driven automation push; new roles cited as emerging from automation include Automation Technician, Controls Specialist, Maintenance Technician, Field Service Engineer.",https://www.etftrends.com/artificial-intelligence-content-hub/labor-shortage-is-forcing-a-robot-revolution-in-u-s-manufacturing/,industry/market publication,2026,Paraphrase captured directly in the Raw claim / fact column above (see Source URL for original wording).,medium,fact,none,"US-side structural friction/demand-driver record — workforce shortage as a demand signal for robotics adoption, distinct from a supply-chain friction."
R119,2026-09-19,AU,Multiple,unknown,unknown,N/A,unknown,Mobile robot base unit (general),unknown,unknown,unknown,unknown,unknown,"Australia/Oceania has no significant domestic production capacity for mobile robot base units; an estimated 85-90% of units arriving in the region are imported from overseas manufacturing facilities in Europe, North America and East Asia; Australia is described as broadly 'not a large-scale manufacturer of many robotics components,' requiring import from overseas suppliers across most categories.","AU robotics market sized at US$1.7B in 2025, projected to reach US$6.9B by 2034 (16.03% CAGR, 2026-2034); Australian government responses include the Modern Manufacturing Strategy and Advanced Manufacturing Growth Centre (AMGC) funding aimed at raising local production capacity and reducing import reliance, particularly for SMEs.",https://www.indexbox.io/store/australia-and-oceania-mobile-robot-base-units-market-analysis-forecast-size-trends-and-insights/,market research report,2025-2026,Paraphrase captured directly in the Raw claim / fact column above (see Source URL for original wording).,medium,fact,Component-level (vs. whole-base-unit) AU import-dependency percentage not found.,"Strong, explicit AU import-dependency figure (85-90%) — a rare quantified AU friction signal, directly useful given Pass-1's general AU-data thinness."
R120,2026-09-19,AU,Multiple,unknown,unknown,N/A,unknown,unknown,unknown,unknown,unknown,unknown,unknown,unknown,"Australia's National Robotics Strategy (Dept. of Industry, Science and Resources) frames robotics adoption/local-capacity-building as a named national priority; industrial-policy academic literature (2026) discusses 'institutionally embedded industrial policy' for building state manufacturing capacity under the 'Future Made in Australia' initiative.",https://www.industry.gov.au/publications/national-robotics-strategy/australias-robotics-opportunity,"government publication (Australian Dept. of Industry, Science and Resources)",unknown,Paraphrase captured directly in the Raw claim / fact column above (see Source URL for original wording).,high,fact,No specific budget/funding-amount figure for the National Robotics Strategy captured in this pass.,"Primary AU-government source, directly responsive to the issue's preference for institutional/government sources."
R121,2026-09-19,US,Humanoid / general-purpose,"OEM (own-factory internal use, Tesla); industrial pilots (Figure, Apptronik)",Internal factory automation / industrial pilot,early-production,unknown,unknown,unknown,unknown,unknown,unknown,unknown,unknown,"Tesla deployed 1,000+ Optimus Gen 3 units into its own factories starting January 2026, with a stated ~100,000-unit 2026 target and 1-million/year target by 2028 (gap flagged between target and observed production: Fremont Model S/X line conversion to Optimus assembly mid-2026, initial units to internal training, commercial production timeline slipped toward late July/August 2026); Figure AI surpassed 10,000 deployments across partner warehouses; Apptronik closed a $5.3B Series A (Feb 2026, $6.2B post-money) and partners with Mercedes-Benz, NASA and Jabil.",https://www.rivcut.com/manufacturing-news/humanoid-robot-factories-2026/,industry publication,2026,Paraphrase captured directly in the Raw claim / fact column above (see Source URL for original wording).,medium,fact,"Tesla's stated 100,000-unit 2026 target vs. actual observed production (units 'targeted' for late July/August 2026, not confirmed shipped) is a gap between company claim and independent verification — flagged, not resolved.",Meaningfully deepens Pass-1's single Figure/Agility-focused humanoid coverage with Tesla- and Apptronik-specific production-capacity data and an explicit target-vs-actual gap flag.
R122,2026-09-19,unknown,"Multiple (industrial arm, cobot, humanoid)",unknown,unknown,N/A,Motion / actuator,Lubrication (reducer/gearbox grease),unknown,unknown,"Nabtesco (JP, precision reduction gears + compatible lubricants); Baoxing (CN, BX-800/G robot noise-reducing grease)",Japan (Nabtesco); China (Baoxing),unknown,unknown,"Industrial robot reducers, gearboxes, pivot bushings and bearings require periodic grease lubrication; formulations must resist oil/thickener separation under high G-forces at coupling points; Nabtesco (Japan) makes both hollow-shaft and compact precision reduction gears for robotics; Baoxing's BX-800/G series is a named Chinese noise-reducing grease widely used in robot reducers, motors and gearboxes.",https://www.lubesngreases.com/magazine/26_6/robots-need-lubes-too/,industry publication,unknown,Paraphrase captured directly in the Raw claim / fact column above (see Source URL for original wording).,medium,fact,No US-specific robot-lubricant manufacturer identified in this pass.,Closes the 'lubrication' line item explicitly named in the issue's example Motion-subsystem component chain (previously unaddressed).
R123,2026-09-19,unknown,"Multiple (industrial arm, cobot, humanoid)",unknown,unknown,N/A,Motion / actuator,Shaft / coupling / fastener,unknown,unknown,unknown,unknown,unknown,unknown,"Shaft couplings in robot joints use O-ring-sealed grease chambers for lubrication; the issue's named Motion-chain items (shaft, fastener) are treated in available sources primarily as generic precision-machined/off-the-shelf hardware rather than robotics-specific branded components -- no dedicated 'robot fastener' or 'robot shaft' market report or manufacturer ranking was located distinct from general CNC/bearing/coupling suppliers already logged.",https://image-ppubs.uspto.gov/dirsearch-public/print/downloadPdf/11424661,"patent filing (background/context, not a market source)",unknown,Paraphrase captured directly in the Raw claim / fact column above (see Source URL for original wording).,low,inference,"Confirmed as a genuine coverage gap: no distinct shaft/fastener-for-robotics market or supplier-base source found, separate from general CNC-machining/bearing coverage already in this dataset. Logged explicitly rather than silently substituting general fastener-industry data.","Explicit negative-finding record for 'shaft'/'fastener' as distinct BOM line items named in the issue's example chain, per the raw-data instruction not to fabricate coverage."
R124,2026-09-19,US,Multiple,Manufacturing sector (all industries),Industrial robot installation (primary IFR data),commercial,unknown,unknown,unknown,unknown,unknown,unknown,unknown,unknown,"US industrial robot installations rose 11% year-on-year to 38,000 units in 2025 per IFR; automotive remains the largest adopter at 13,500 units (-1% YoY); food-industry adoption surged 30%, reaching ~3,000 installations alongside metal/machinery and electrical-electronics (~3,000 each); US robot density is 307 industrial robots per 10,000 manufacturing employees; global installations grew 15% to a record 621,000 units; World Robotics 2026 full report scheduled for publication 24 September 2026.",https://ifr.org/ifr-press-releases/news/us-robot-industry-returns-to-double-digit-growth,industry standards body (IFR),2026,Paraphrase captured directly in the Raw claim / fact column above (see Source URL for original wording).,high,fact,"Full World Robotics 2026 report (with AU-specific figures) not yet published as of this pass's search date -- flagged for follow-up after Sept 24, 2026.","Primary IFR source, directly matching the issue's stated source preference; strengthens Pass-1's IFR citations with 2025-installation-year granularity by sector."
R125,2026-09-19,AU,Mining / autonomous haulage robot,"Iron ore / copper mining operators (Rio Tinto, BHP, FMG)",Autonomous haul truck / drilling rig fleet,commercial,unknown,unknown,unknown,unknown,unknown,unknown,unknown,unknown,"Rio Tinto operates 130+ autonomous Komatsu 930E haul trucks (320t loaded) across Pilbara (WA) iron-ore operations, running 24/7 with no onboard driver; Rio Tinto, BHP and FMG together operate the world's largest autonomous-vehicle fleets, hauling billions of tonnes of iron ore with no human drivers; Australia is described as 'the undisputed world leader' in autonomous mining, operating at a scale/sophistication no other country has matched; Pilbara hosts hundreds of AI-driven haul trucks and remote-operated drilling rigs.",https://www.miningdoc.tech/2026/04/28/from-one-truck-to-thousands-the-global-rise-of-autonomous-mining/,industry publication,2026-04,Paraphrase captured directly in the Raw claim / fact column above (see Source URL for original wording).,high,fact,No supply-chain/component-level (subsystem/BOM) detail for autonomous haul trucks located in this specific search round -- flagged for a follow-up pass if this category is pursued further.,"New category added beyond the issue's named 8, per the issue's explicit allowance ('khong gioi han 8 nhom neu research phat hien category quan trong khac o US/AU') -- mining automation is a globally-leading AU-specific robotics category with no US equivalent at this scale, a materially important market-map fact."
R126,2026-09-19,AU,Mining / autonomous haulage robot,"Copper mining operator (BHP, Chile -- included as comparable operational benchmark)",Fully autonomous open-pit mine site,commercial,unknown,unknown,unknown,unknown,unknown,unknown,unknown,unknown,"BHP announced (Jan 2026) that its Escondida Norte copper pit is fully autonomous: 33 trucks and 11 drills operate 24/7, moving ~350,000 tonnes/day (30% of site output); BHP, Rio Tinto and Caterpillar launched a trial of two Cat 793 XE Early Learner battery-electric haul trucks at a WA Pilbara mine site in 2026 as an industry-first collaboration.",https://www.sec.gov/Archives/edgar/data/0000863064/000086306426000033/ex7d23caterpillar_mr.htm,SEC filing (company official disclosure),2026,Paraphrase captured directly in the Raw claim / fact column above (see Source URL for original wording).,high,fact,"Escondida Norte is in Chile, not AU/US -- included as a directly comparable operational data point from the same named AU-active operator (BHP), not as an AU-market fact itself.",
R127,2026-09-19,US,Multiple,unknown,unknown,N/A,unknown,"Industrial robot (finished unit, HTS import)",unknown,unknown,unknown,unknown,unknown,Chinese industrial robots imported into the United States remain subject to Section 301 tariffs at 25% of customs value as of Q1 2026.,"US Census Bureau Foreign Trade data (census.gov/foreign-trade) provides monthly merchandise import data by HTSUSA code, country of origin and customs district, enabling commodity-level tracking of industrial-robot imports; total US goods imports from China were $18,955.6M (Feb 2026), $21,057.9M (Jan 2026) and $21,104.3M (Dec 2025) -- whole-economy figures, not robot-specific.",https://www.evsrobot.com/import-industrial-robots-from-china-shipping-customs-guide.html,industry publication (customs/trade guide),2026,Paraphrase captured directly in the Raw claim / fact column above (see Source URL for original wording).,medium,fact,"No robot-specific (HTS 8479.50 or similar code) import-volume/value figure was extracted in this pass -- the Census Bureau source exists and is named/linked, but commodity-level robot-only figures were not retrieved; flagged for a dedicated customs-data follow-up query.",
R128,2026-09-19,Global,Maker / hobby / education robot,Hobbyist CNC/3D-printing community,Hobby fabrication tool choice,N/A,unknown,unknown,unknown,unknown,unknown,unknown,unknown,unknown,"In a survey of 300+ hobby CNC enthusiasts, CNC mills/routers made up ~70% of machines owned, with 3D printers and lathes following as secondary choices.",https://www.cnccookbook.com/heres-scoop-machines-hobby-cncers-theyre-making/,industry publication / community survey,unknown,Paraphrase captured directly in the Raw claim / fact column above (see Source URL for original wording).,low,fact,"Survey is of hobby-CNC enthusiasts specifically, not the broader maker/hobby robotics community, and not US/AU-segmented -- so this is the closest quantitative data found but does not fully close Pass-1 gap #8 (robot-specific 3D-printing-vs-CNC share); logged as a partial, imperfect answer rather than silently treated as definitive.","Best available quantitative proxy located for Pass-1 gap #8; explicitly flagged as a proxy, not a direct answer."
R129,2026-09-19,Global,Humanoid / general-purpose,unknown,unknown,N/A,End-effector,Dexterous hand actuator (tendon-drive / direct-drive / linkage),unknown,unknown,"LinkerBot (CN); AGILINK (CN); 1X Technologies (NO/US, tendon-drive with polymer tendons); Schaeffler (DE, two-stage planetary gear actuator, CES 2026)","China (LinkerBot, AGILINK dominant); Norway/US (1X); Germany (Schaeffler)","LinkerBot holds 80%+ global market share in high-DoF dexterous hands and is the only company producing 1,000+ high-DoF hands/month as of this pass, covering tendon-drive, direct-drive and linkage approaches (full technology-route coverage); LinkerBot targets 50,000-100,000 units delivered in 2026; AGILINK has shipped 8,000 hands; China's overall humanoid-robot output is set to nearly double in 2026, led by Unitree and AgiBot.",unknown,"1X Technologies plans 10,000 hands in 2026 using tendon-drive actuator packs with polymer tendons instead of rigid gearboxes; Schaeffler's CES 2026 actuator (two-stage planetary gear, 60-250 Nm) is engineered to cover roughly half of a humanoid robot's total actuator content; the source explicitly recommends humanoid OEMs 'identify a second qualified actuator source' in 2026 before the market consolidates to 2-3 winners -- itself a China-dependency-risk signal.",https://robotics.techbuzzchina.com/reports/robot-hands-china.html,industry publication (China-focused robotics tracker),2026,Paraphrase captured directly in the Raw claim / fact column above (see Source URL for original wording).,medium,fact,No comparable US-based high-volume dexterous-hand manufacturer identified in this pass.,"Substantially deepens humanoid End-effector coverage beyond Pass-1's generic gripper-market data with named, dated, China-concentration-quantified suppliers specific to humanoid hands."
R130,2026-09-19,US,Multiple,unknown,unknown,N/A,Mechanical structure / Motion / actuator,Precision-machined structural/motion parts (CNC),unknown,CNC milling / turning,unknown,unknown,unknown,"US manufacturers are increasingly evaluating CNC reshoring in 2026 because true landed cost includes freight, tariffs, inventory, long lead times, engineering-change cost, quality problems, production interruption and working-capital/supply-chain risk, not just per-part price; domestic proximity to the US customer is cited as the strongest reshoring argument, avoiding ocean-freight/port/customs uncertainty.","US industrial robot installations grew 11% in 2025 to 38,000 units after two consecutive years of decline, described in-source as a driver of increased CNC-robotics-parts sourcing activity; CNC-machined robotic parts are characterized as moving 'from a niche purchasing category into a serious sourcing priority in 2026.'",https://leweiprecision.com/cnc-machining-reshoring-usa/,industry publication,2026,Paraphrase captured directly in the Raw claim / fact column above (see Source URL for original wording).,medium,fact,No quantified reshored-volume or reshored-dollar-value figure located.,Extends Pass-1's R052/R053 CNC cost-comparison records with a 2026 reshoring-rationale (total landed cost) angle rather than raw per-part price alone.
R131,2026-09-19,unknown,Multiple,unknown,unknown,N/A,unknown,"Frame / gears / end effectors / motor components (steel, stainless steel)",Carbon steel; stainless steel; engineering/alloy steel,unknown,unknown,unknown,unknown,unknown,"Stainless steel is confirmed (qualitatively) as widely used in robotics frames, gears, end-effectors and motor components for strength/toughness/corrosion-and-temperature resistance; for industrial robotics, aluminum/iron/carbon steel are used for body parts while engineering/alloy/high-alloy rolled steel (including stainless) is used for drive-system components; no source in this pass provided a quantified BOM-percentage breakdown.",https://www.protolabs.com/en-gb/resources/blog/materials-that-command-the-robotics-industry/,industry publication / company site,unknown,Paraphrase captured directly in the Raw claim / fact column above (see Source URL for original wording).,low,inference,"Confirms Pass-1 gap #4 remains open: still no source-quantified steel/stainless-steel BOM-share figure found across two full research passes -- logged again explicitly as a persistent, real gap rather than silently dropped.","Second-pass confirmation of a known unresolved gap, not new data -- kept as a distinct record per the instruction to log searches performed and their (negative) outcome rather than omit them."
R132,2026-09-19,unknown,Multiple,unknown,unknown,N/A,Perception / sensor,Machine vision camera / 2D-3D imaging sensor,unknown,unknown,Cognex (US); Keyence (JP); Basler (DE); Teledyne Technologies (US); Omron (JP),"US (Cognex, Teledyne); Japan (Keyence, Omron); Germany (Basler)",unknown,unknown,"Machine Vision Camera Market valued at US$4.55B in 2026, growing at 8.3% CAGR to US$10.1B by 2036 (broader machine-vision-system market: US$15.83B in 2025 to US$23.63B by 2030); Cognex (US) and Keyence (Japan) together hold close to half the global machine-vision market; top 5 (Cognex, Keyence, Teledyne, Basler, Omron) collectively control a further 20-30%.",https://www.wevolver.com/article/top-vision-systems-for-manufacturing-in-2026,industry publication,2026,Paraphrase captured directly in the Raw claim / fact column above (see Source URL for original wording).,medium,fact,"No China-based machine-vision-camera manufacturer identified with comparable global share in this pass -- unlike LiDAR/battery/bearing, machine vision appears US/Japan/Germany-led; logged as a specific negative China-advantage finding for this component.",
R133,2026-09-19,unknown,Multiple,unknown,unknown,N/A,Compute / controller,PLC / industrial PC controller,unknown,unknown,"Siemens (DE, ~31% PLC share); Rockwell Automation (US, ~21.6%); Mitsubishi Electric (JP, ~13.9%); Schneider Electric, ABB, Omron, Beckhoff, Delta Electronics, Emerson, Honeywell","Germany/US/Japan (The Big Three: Siemens, Rockwell, Mitsubishi); Beckhoff/B&R noted as IPC-based-PLC segment leaders",unknown,unknown,"Siemens holds ~31% global PLC market share, Rockwell Automation ~21.6%, Mitsubishi Electric ~13.9% (the 'Big Three' collectively >65%); Beckhoff Automation (Germany, EtherCAT originator) leads the industrial-PC-based-PLC segment specifically, a different niche from traditional embedded PLC.",https://smtmachineline.com/top-10-plc-brands-key-advantages/,industry publication,unknown,Paraphrase captured directly in the Raw claim / fact column above (see Source URL for original wording).,medium,fact,"No China-based PLC/controller manufacturer identified among leaders in this pass -- Delta Electronics (Taiwan) is the closest East Asian challenger named, not mainland China.",
R134,2026-09-19,unknown,Multiple,unknown,unknown,N/A,unknown,SLAM navigation software/hardware (AMR localization),unknown,unknown,"ABB (CH/SE, Visual SLAM); Kudan (JP, KdVisual) + ADLINK (TW, ROScube Pico controller); SIGMATEK (AT, SlamLoc); Shanghai Slamtec (CN, 360-degree LiDAR); Omron Adept (JP)","Global mix: Switzerland/Sweden, Japan, Taiwan, Austria, China","Shanghai Slamtec (China) is named as a SLAM/LiDAR hardware supplier launching new 360-degree LiDAR products for AMR navigation in this period; SLAMcore partnered with 4 semiconductor manufacturers to integrate embedded SLAM accelerators; Omron Adept expanded AMR production capacity 25% in Japan (non-China capacity expansion, logged for contrast).",unknown,"Simultaneous Localization and Mapping (SLAM) Market sized at US$485.3M in 2026, projected to reach US$7,572.32M by 2035; named suppliers span ABB (Visual SLAM), Kudan/ADLINK (Visual + 3D-LiDAR SLAM), SIGMATEK (contour-based SlamLoc), and Shanghai Slamtec (China, 360-degree LiDAR hardware).",https://markwideresearch.com/simultaneous-localization-and-mapping-slam-market,market research report,2026,Paraphrase captured directly in the Raw claim / fact column above (see Source URL for original wording).,low,fact,No single-country market-share breakdown for SLAM software/hardware located.,
R135,2026-09-19,US,Multiple,VC-backed robotics/humanoid startups,Startup funding (2026 aggregate),N/A,unknown,unknown,unknown,unknown,unknown,unknown,unknown,unknown,"Global robotics-startup funding reached US$18.8B in 2026 (vs US$15B for the full year 2025); some trackers report robotics companies raising as much as US$55.8B in 2026 depending on methodology (kept as a separate, materially different figure per the raw-data rule, not merged/averaged); humanoid-robot startups alone raised US$8.6B in 2026, 1.8x all of 2025; the US leads humanoid-startup funding with US$3.02B and 28 startups (vs China's 26); Figure AI has raised ~US$2.34B (US$39B valuation); Apptronik raised a $520M Series A Extension; Skild AI raised $1.4B.",https://news.crunchbase.com/robotics/startup-venture-funding-surges-2026-data/,industry publication / financial data,2026,Paraphrase captured directly in the Raw claim / fact column above (see Source URL for original wording).,medium,fact,Two materially different total-robotics-funding figures ($18.8B vs $55.8B) found in the same search round for the same year -- both kept as separate records per the 'do not merge contradictory sources' rule (mirrors Pass-1 gap #9's cobot-market-size pattern).,Directly extends Pass-1's US-only startup-funding data with the humanoid-specific and US-vs-China startup-count comparison the issue's research chain calls for.
R136,2026-09-19,AU,Service robot,Aged-care residential facility operator (mecwacare),Companion / eldercare robot,commercial,unknown,unknown,unknown,unknown,unknown,unknown,unknown,unknown,"Andromeda Robotics (Melbourne) and mecwacare completed Australia's largest rollout of humanoid companion robots in aged care: 22 'Abi' robots operating full-time across all mecwacare residential homes, supporting 1,500+ residents; Abi is fluent in 90 languages, recognizes faces, remembers past conversations, and participates in group activities; positioned explicitly as working alongside care staff, not replacing them.",https://hellocare.com.au/australias-largest-rollout-of-humanoid-companion-robots-signals-new-era-in-aged-care/,industry publication,2026,Paraphrase captured directly in the Raw claim / fact column above (see Source URL for original wording).,high,fact,Unit cost / commercial contract value not disclosed in this source.,"This is the concrete, named, quantified AU deployment referenced qualitatively in Pass-1's README gap #1 ('AU humanoid activity concentrated in aged care/companionship') -- Pass 2 supplies the specific company, scale (22 units/1,500 residents) and named partner facility operator that Pass 1 lacked."
R137,2026-09-19,Global,Inspection / field robot,Offshore energy / subsea infrastructure operators,Underwater ROV/AUV inspection,commercial,unknown,unknown,unknown,unknown,unknown,unknown,unknown,unknown,"Offshore AUV/ROV market valued at US$4.11B in 2026, projected to reach US$6.78B by 2031 (10.54% CAGR); Oceaneering International holds ~22% global market share; other named leaders: Teledyne Technologies, Kongsberg Gruppen, Saab Seaeye, Fugro; North America is named as a significant region for this sector (not further quantified).",https://www.mordorintelligence.com/industry-reports/offshore-auv-rov-market,market research report,2026,Paraphrase captured directly in the Raw claim / fact column above (see Source URL for original wording).,medium,fact,No AU-specific underwater-ROV adoption or supply figure located (relevant given AU's offshore oil/gas and marine-infrastructure base) -- flagged gap.,Adds underwater ROV/AUV as an inspection/field-robot sub-category not previously represented in Pass 1.
R138,2026-09-19,US,"Multiple (humanoid, cobot, AMR)",unknown,unknown,N/A,Motion / actuator,Reducer (harmonic drive / strain-wave gear) -- US domestic manufacturing,unknown,unknown,"Harmonic Drive LLC (Beverly, MA, US subsidiary of the Japan-originated Harmonic Drive Group); Cone Drive (US, Harmonic Solutions strain-wave gearing); Sumitomo Drive (US operations, strain-wave/harmonic gearboxes)","US (Harmonic Drive LLC, Cone Drive, Sumitomo Drive US)",unknown,unknown,"Harmonic Drive LLC (Beverly, Massachusetts) is a US-based manufacturing/sales entity of the Japan-originated Harmonic Drive Group, producing zero-backlash strain-wave gears domestically; Cone Drive (US) and Sumitomo Drive (US operations) are additional named US-based strain-wave-gearbox suppliers.",https://www.harmonicdrive.net/,company official site,unknown,Paraphrase captured directly in the Raw claim / fact column above (see Source URL for original wording).,medium,fact,No US-vs-China or US-vs-Japan reducer production-volume comparison located to quantify how much of US demand these domestic entities actually serve vs. imports.,Directly extends Pass-1's R031 (Harmonic Drive Group's multi-country legal structure) with confirmation of actual US manufacturing presence (not just a sales entity) -- relevant to the issue's 'US local capacity' evidence requirement for this named component.
R139,2026-09-19,AU,Cobot / industrial arm / machine tending,"Manufacturing SMEs (food processing, packaging)",Cobot adoption for cost-effective automation,growth,unknown,unknown,unknown,unknown,unknown,unknown,unknown,unknown,"Australia's robotics-in-manufacturing installed base reached 4.6 thousand units in 2025, projected to reach 17.4 thousand units by 2034 (15.44% CAGR); Australian Cobotics Centre (ARC-funded industry training/transformation centre) is a dedicated national research body for collaborative robotics in advanced manufacturing; cobot rental is available in the AU market at A$1,000-3,000/month including maintenance/software/support, explicitly lowering the SME adoption barrier; research on Australian-SME adoption found 'innovativeness' as the most significant adoption factor and presence of an internal 'project champion' as the second.",https://www.imarcgroup.com/australia-robotics-in-manufacturing-market,market research report,2025-2026,Paraphrase captured directly in the Raw claim / fact column above (see Source URL for original wording).,medium,fact,No AU-specific cobot unit-price or China-vs-non-China cobot brand-share breakdown for the AU market located.,"Substantially deepens Pass-1's AU cobot coverage (which had none dedicated to AU) with an AU-specific installed-base figure, a named AU research institution, and rental-pricing data."
R140,2026-09-19,Global,Maker / hobby / education robot,unknown,unknown,N/A,Compute / controller,"Microcontroller / single-board computer (Arduino, Raspberry Pi)",unknown,unknown,"Arduino (IT, acquired by Qualcomm Oct 2025, folded into Dragonwing edge-AI ecosystem); Raspberry Pi (UK-designed, manufactured under contract by Sony, Wales/Japan); KEYESTUDIO (CN, hobbyist kits/shields)","Italy/US (Arduino, post-Qualcomm acquisition); UK design, Sony (JP) contract manufacture (Raspberry Pi); China (KEYESTUDIO accessory ecosystem)",unknown,unknown,"Most hobbyist robotics projects combine Arduino (low-level motor/encoder/servo control, $10-25) with Raspberry Pi (high-level compute -- vision, path planning, ROS integration, $35-75+); Raspberry Pi is manufactured under contract by Sony; Qualcomm acquired Arduino (announced Oct 7, 2025), integrating it into its Dragonwing edge-AI product line; Raspberry Pi 5 pricing rose to $205 for a 16GB model (a 70% premium over the original $35 MSRP) attributed to an AI-driven DRAM shortage.",https://jlcpcb.com/blog/arduino-vs-raspberry-pi,industry publication,2026,Paraphrase captured directly in the Raw claim / fact column above (see Source URL for original wording).,medium,fact,No AU-specific hobbyist-board pricing/availability data located.,"Direct maker/hobby-view compute-subsystem coverage, including a DRAM-shortage-driven price friction relevant to maker-level cost planning."
R141,2026-09-19,Global,Multiple,unknown,unknown,N/A,unknown,unknown,unknown,unknown,unknown,unknown,"The Chinese government allocated over US$20B in subsidies to its robotics industry in late 2024; robotics is designated one of 8 'strategic emerging industries' in China's 15th Five-Year Plan (2026-2030), elevated from a sub-plan status in the 14th FYP; the 2025 Humanoid Robot Action Plan (MIIT + 5 ministries) sets a national target of 100,000 humanoid robots deployed by 2027 and explicitly calls for building a 'complete domestic supply chain' for humanoid components (high-performance actuators, dexterous hands, perception systems); Shenzhen's Futian District (robotics cluster program, effective Jan 2026) and Longgang District (dedicated government bureau administering 5 subsidy programs for AI/robotics firms) are named sub-national policy examples; Jiangsu Province offers a 15% consumer-purchase subsidy on eligible smart products including humanoid robots, exoskeletons and robot dogs.",unknown,"China's robotics industrial policy operates at national (15th FYP strategic-industry designation, Humanoid Robot Action Plan with explicit domestic-supply-chain-building mandate), provincial (Jiangsu consumer subsidy) and municipal/district (Shenzhen Futian/Longgang cluster and subsidy programs) levels simultaneously.",https://jamestown.org/policy-support-for-robotics-firms-shows-defense-integration/,think tank / policy research publication,2026,Paraphrase captured directly in the Raw claim / fact column above (see Source URL for original wording).,high,fact,none,"This is the clearest single 'China structural supply-side advantage at the market-map level' record in the dataset -- explicit government policy naming component-level self-sufficiency (actuators, dexterous hands, perception) as a stated national goal, directly matching the issue's required research-chain endpoint."
R142,2026-09-19,US,Multiple,unknown,unknown,N/A,Safety,unknown,unknown,unknown,unknown,unknown,unknown,"US industrial-robot safety compliance runs through ANSI/RIA R15.06 (harmonized with ISO 10218-1/-2) plus UL testing/certification (e.g. UL 3300, now part of OSHA's NRTL-program approved test-standard list; ANSI/CAN/UL 3300 and ISO 13482 apply to personal-care/service robots); required testing spans electrical safety, mechanical safety, functional-safety evaluation, cybersecurity assessment, EMC testing and performance verification; retrofitting safety features after development (rather than designing to standard from the start) is explicitly flagged as increasing cost and delaying certification.","UL, SGS and TUV SUD all offer dedicated robotics safety testing/certification service lines in the US market as of this pass, indicating compliance is a recognized, monetized step in the US robotics go-to-market process distinct from the underlying ISO standard itself.",https://www.ul.com/services/robotic-safety-security-and-performance,testing/certification body (UL),unknown,Paraphrase captured directly in the Raw claim / fact column above (see Source URL for original wording).,medium,fact,No specific dollar cost figure for UL/ANSI robot certification was located in this pass -- a real gap (certifiers do not publish list pricing).,Extends Pass-1's general safety-standards awareness (and this pass's R#-ISO-10218 record) with the US-specific compliance-body layer (UL/ANSI/RIA) that sits on top of the ISO base standard -- directly responsive to the issue's 'tariff/compliance/logistics' evidence requirement.
R143,2026-09-19,AU,Multiple,unknown,unknown,N/A,unknown,Machinery / robotics equipment (import),unknown,unknown,unknown,unknown,unknown,"Australian customs duty on machinery (Chapter 84, which covers most robotics/automation equipment) averages 2% MFN, with a general Chapter-84 rate commonly cited at 5% of FOB value before concessions; electrical machinery (Chapter 85) averages 2.5% MFN; a 10% GST applies to all imports regardless of duty rate; the China-Australia Free Trade Agreement (ChAFTA) allows 0% preferential tariff on eligible Chinese-origin goods with a valid Certificate of Origin; a Tariff Concession Order (TCO) can also reduce duty to 0% when no equivalent AU-made good exists.","AU's combined effective import cost on Chinese-origin robotics machinery can be as low as 10% (GST only, if ChAFTA/TCO duty-free) or as high as ~15% (5% duty + 10% GST) depending on classification and concession eligibility -- markedly lower than the US's 25%+ Section 301-driven tariff on the same Chinese-origin robotics goods.",https://www.calcmytariff.com/country/australia,industry publication (tariff data aggregator),2026,Paraphrase captured directly in the Raw claim / fact column above (see Source URL for original wording).,medium,inference,No official Australian Border Force primary-source citation was captured directly in this pass (aggregator source only) -- flagged for a follow-up using the ABF tariff classification database directly.,"This is a directly useful, quantified AU-vs-US friction/asymmetry data point: China-origin robotics equipment faces materially lower import-cost friction entering AU (ChAFTA-eligible, ~10-15% effective) than entering the US (~25%+ Section 301) -- a structural difference relevant to the issue's US/AU friction research chain."
R144,2026-09-19,Global,"Multiple (humanoid, cobot, AMR)",unknown,unknown,N/A,Power,DC-DC converter / power supply (joint servo drive power stage),unknown,unknown,Advanced Energy (US); Traco Power (CH); RECOM (AT); Axiomatic Technologies (CA); ABSOPULSE (CA); TPS Elektronik (DE),US/Switzerland/Austria/Canada/Germany (no China-based supplier named in this specific search round),unknown,unknown,"Named power-electronics suppliers for robot joint servo drives, mobile robots and AGVs span Advanced Energy (US, AC-DC PSU + DC-DC for collaborative robots/AGVs), Traco Power (Switzerland), RECOM (Austria), Axiomatic Technologies and ABSOPULSE (Canada), and TPS Elektronik (Germany, HCLS1 DC-DC family for compact high-efficiency joint servo-drive power).",https://www.advancedenergy.com/en-us/applications/industrial/transport-robotics/,company official site / industry publication,unknown,Paraphrase captured directly in the Raw claim / fact column above (see Source URL for original wording).,low,supplier-claimed,"No China-based power-electronics-for-robotics supplier identified in this search round -- logged as a negative finding, not assumed absent.",
R145,2026-09-19,Global,Humanoid / general-purpose,unknown,unknown,N/A,Compute / controller,Whole-body motion-control software/controller,unknown,unknown,"NVIDIA (US, SONIC whole-body controller, published in Science Robotics 2026); Yibajwu Robotics (Suzhou, CN); Zhejiang University of Technology (CN, academic)","US (NVIDIA); China (Yibajwu Robotics, ZJUT)",unknown,unknown,"NVIDIA's SONIC is described as a general-purpose whole-body controller acting as a humanoid robot's 'motor system,' translating high-level commands into coordinated full-body motion, documented in a 2026 Science Robotics paper; Chinese examples include Yibajwu Robotics' 2026 hierarchical dynamics-optimization model (fusing real-time joint signals with historical optimization data) and Zhejiang University of Technology's reinforcement-learning approach to running/jumping gait design.",https://techxplore.com/news/2026-09-ai-vr-video-language-humanoid.html,academic/research news (Science Robotics-sourced),2026-09,Paraphrase captured directly in the Raw claim / fact column above (see Source URL for original wording).,medium,fact,"Software/algorithm layer, not a physical-component supply-chain fact -- included because the issue's Compute/controller subsystem spans both; no market-share/commercialization data for whole-body-control software located.",
R146,2026-09-19,US,Startup-built custom robot systems,Hardware startup (concept to pre-production),Prototype cost budgeting,N/A,unknown,unknown,unknown,unknown,unknown,unknown,unknown,unknown,"US hardware-prototype cost bands (2026): proof-of-concept US$2,000-8,000; functional prototype US$5,000-15,000; pre-production (final-spec-matching) prototype US$10,000-30,000; most consumer-hardware programs land at US$5,000-25,000 for a first meaningful prototype, then a similar amount again across 2-3 iterations; small-batch manufacturing runs US$15-80/unit depending on complexity, with typical minimums starting at 20 units; average BOM cost has risen ~12% due to specialized-semiconductor and materials cost increases; standard budgeting guidance adds a 25% contingency to engineering-labor estimates.",https://calcix.net/guides/business-startup/hardware-product-development-budgeting-guide,industry publication,2026,Paraphrase captured directly in the Raw claim / fact column above (see Source URL for original wording).,medium,fact,"This is a general hardware-startup cost source, not robotics-specific or team-size-segmented -- partially closes Pass-1 gap #7 (small-team tooling/cost scale) with the best proxy located, explicitly flagged as a proxy rather than a robotics-specific figure.",
R147,2026-09-19,Global,Multiple,unknown,unknown,N/A,Mechanical structure,"Sheet-metal chassis / bracket / enclosure (laser-cut, formed)",unknown,"Laser cutting, CNC press-braking, welding","RapidDirect (Shenzhen, CN); Zhongshan Suwei Automation (CN); JUSHUN (Guangzhou, CN); Komaspec (US)",China (Pearl River Delta: Shenzhen/Dongguan/Foshan -- over 70% of top-tier sheet-metal suppliers located there per source); US (Komaspec),"The Pearl River Delta (Shenzhen, Dongguan, Foshan) is named as the epicenter of sheet-metal fabrication for consumer electronics, telecom and medical devices, with over 70% of top-tier suppliers concentrated there; named China suppliers (RapidDirect, Zhongshan Suwei, JUSHUN) combine laser cutting, CNC bending/punching, welding and surface finishing under single-vendor DFM-to-delivery process chains.",unknown,"China's sheet-metal fabrication ecosystem for robotics/electronics enclosures is geographically concentrated (Pearl River Delta, >70% of top-tier suppliers) and vertically bundled (DFM engineering through laser cutting, CNC bending and finishing in one vendor); the single named US comparator (Komaspec) offers a comparable process range (laser cutting, CNC bending, manual/robotic welding, stamping) but without a quantified US capacity-share figure.",https://yijinsolution.com/industry-insights/top-10-sheet-metal-fabrication-companies-robotics/,industry publication,2026,Paraphrase captured directly in the Raw claim / fact column above (see Source URL for original wording).,low,supplier-claimed,No quantified US sheet-metal-for-robotics capacity/market-share figure located for direct comparison to China's 70%+ Pearl River Delta concentration.,
R148,2026-09-19,AU,Multiple,Government research agency (CSIRO),"Cross-sector robotics R&D (agriculture, mining, manufacturing, defence, energy)",N/A,unknown,unknown,unknown,unknown,unknown,unknown,unknown,unknown,"CSIRO Robotics (Brisbane, Queensland) is Australia's national-science-agency robotics R&D body, partnering with companies/government/industry in Australia and globally across agriculture, advanced manufacturing, mining, biodiversity/biosecurity, environmental monitoring and cultural heritage; 2026 initiatives include repurposing mining-derived autonomous robots for solar-farm inspection/maintenance, an EPE-CSIRO defence/security robotics testing facility (MILTECS, Pullenvale) serving defence/law-enforcement/agriculture/manufacturing/mining, and a A$10M Green Metals Innovations Network (co-led with the Heavy Industry Low-carbon Transition CRC) for sustainable-mining robotics/automation.",https://research.csiro.au/robotics/,"government research agency (CSIRO, official site)",2026,Paraphrase captured directly in the Raw claim / fact column above (see Source URL for original wording).,high,fact,No CSIRO robotics program budget total (beyond the named A$10M Green Metals initiative) located.,"Primary AU-government-research-institution source, directly matching issue's preferred source types and materially strengthening AU-side institutional evidence relative to Pass-1's thinner AU coverage."
R149,2026-09-19,Global,Humanoid / general-purpose,Global humanoid-robot buyers,"Humanoid unit shipments (OEM-level, not SKU)",early-production,unknown,unknown,unknown,unknown,unknown,unknown,"China's humanoid-robot output is projected to surge 94% in 2026; Unitree and AgiBot together are projected to capture nearly 80% of total global humanoid shipments (TrendForce); adding UBTECH (~7%) and Leju (~5%), Chinese firms control nearly 90% of global humanoid-robot installations as of this pass -- the single starkest China concentration figure found across both research passes for any robot category.",unknown,"Unitree Robotics (Hangzhou) became the world's top humanoid seller in 2025, revenue surging to 1.71B yuan (~US$250M) in 2025 from 392M yuan (~US$57M) in 2024; CEO Wang Xingxing forecasts 10,000-20,000 unit deliveries in 2026; over 40% of Unitree's revenue is generated overseas; Unitree filed for a Shanghai IPO (US$610M) in March 2026 and completed a blockbuster market debut in August 2026. UBTech (founded 2012, first humanoid company to go public, 2023) produced ~1,000 humanoid units in 2025 and has run at a loss since at least 2020.",https://www.trendforce.com/presscenter/news/20260409-13007.html,market research firm (TrendForce),2026-04,Paraphrase captured directly in the Raw claim / fact column above (see Source URL for original wording).,high,fact,"This is the finished-unit (OEM) level, not component-level -- the issue's scope-lock (no supplier-product/SKU mining) is respected; component-level detail for Unitree/AgiBot/UBTech products is explicitly out of scope for this pass.",This single record is arguably the strongest 'China structural advantage at market-map level' data point in the entire two-pass dataset (near-90% global humanoid-shipment concentration in 4 Chinese firms) -- directly responsive to the issue's required research-chain endpoint.
R150,2026-09-19,US,Multiple,unknown,unknown,N/A,Compute / controller,AI accelerator chip / GPU (import-export control context),unknown,unknown,unknown,unknown,unknown,"US Bureau of Industry and Security (BIS) revised the license-review posture for NVIDIA H200-/AMD MI325X-equivalent chips (and lesser-performance chips) from 'presumption of denial' to 'case-by-case review' effective Jan 13, 2026; the US also affirmed (per a 2026 notice) that chip-shipment restrictions extend to subsidiaries of Chinese companies located outside China, closing a flagged loophole; as of this pass, the Department of Commerce is 'unlikely to proactively introduce new export-control rules' during ongoing 2026 US-China trade negotiations, i.e. a temporary policy pause rather than resolution; Congress's proposed 'AI OVERWATCH Act' (passed committee Jan 22, 2026) would shift AI-chip export-license authority from Commerce to Congress.","US semiconductor export-control policy toward China is in active flux in 2026 -- alternating between tightening (subsidiary-loophole closure, proposed Congressional override) and easing (case-by-case review replacing presumption-of-denial for certain chip tiers) within the same year, tied to broader US-China trade negotiations.",https://eastasiaforum.org/2026/03/11/us-chip-export-controls-have-cooled-down/,think tank / policy research publication,2026-03,Paraphrase captured directly in the Raw claim / fact column above (see Source URL for original wording).,medium,fact,"Direct linkage from these chip-export-control rules to robotics-specific edge-AI-chip supply (as opposed to general AI/data-center GPUs) was not explicitly quantified in sources found this round -- inference, not directly confirmed for robotics compute modules specifically.","This is a volatile, actively-changing policy area -- logged with its specific date/status rather than treated as a stable fact, per the issue's instruction to capture as-of evidence rather than assume permanence."
R151,2026-09-19,China,AMR / warehouse / logistics,unknown,unknown,N/A,Motion / actuator,Mecanum wheel / integrated wheel-motor drivetrain module,unknown,unknown,"RoboCT (Hangzhou, CN); Hangzhou Mindong (CN); Zhejiang Bailiyou Power Technology (CN); KUKA (DE, Omnimove drive technology)","China (RoboCT, Hangzhou Mindong, Zhejiang Bailiyou); Germany (KUKA)","Multiple named China-based suppliers (RoboCT, Hangzhou Mindong, Zhejiang Bailiyou) offer integrated mecanum-wheel drivetrain modules combining hub motor, gearbox, encoder, Hall sensor and shock absorber in a single all-in-one component, simplifying AMR/AGV integration; Zhejiang Bailiyou's heavy-duty mecanum wheels are rated to 4,500kg load capacity; Hangzhou Mindong offers BLDC-customizable smart wheels up to 2,500W.",unknown,"China-based mecanum-wheel/drivetrain-module suppliers offer vertically-integrated (motor+gearbox+encoder+sensor+suspension) AMR wheel modules at stated load ratings up to 4,500kg; KUKA (Germany) is the named non-China incumbent, offering Omnimove mecanum-wheel omnidirectional drive technology for heavy industrial AMR platforms.",https://www.roboct-global.com/mobile-robot-components/mecanum-wheel/,company official site / industry publication,unknown,Paraphrase captured directly in the Raw claim / fact column above (see Source URL for original wording).,low,supplier-claimed,No US-based mecanum-wheel/drivetrain-module manufacturer identified in this search round.,
R152,2026-09-19,Global,Agriculture robot,unknown,unknown,N/A,Perception / sensor,GNSS/RTK receiver module (centimeter-level positioning),unknown,unknown,Septentrio (BE); LOCOSYS (TW); CHC Navigation (CN); Topcon (JP); Unicore Communications (CN),"Belgium (Septentrio); Taiwan (LOCOSYS); China (CHC Navigation, Unicore); Japan (Topcon)","China-based GNSS/RTK suppliers (CHC Navigation, Unicore Communications) are named alongside Belgian, Taiwanese and Japanese incumbents as agriculture-grade GNSS/RTK module suppliers; Unicore's multi-system multi-frequency RTK technology is claimed to achieve better-than-2cm positioning accuracy and 0.1 degree/1m baseline orientation accuracy.",unknown,"Agriculture-grade RTK-GNSS modules (used for autonomous-tractor/robot guidance) achieve decimeter-to-centimeter positioning accuracy; named suppliers span Belgium (Septentrio), Taiwan (LOCOSYS, dual-frequency dual-antenna RTK-4671-MHPD for precision ag/drones), China (CHC Navigation, Unicore) and Japan (Topcon, full autosteering for ag machinery).",https://en.unicore.com/gnss-agriculture/,company official site,unknown,Paraphrase captured directly in the Raw claim / fact column above (see Source URL for original wording).,low,supplier-claimed,No market-share breakdown among these named GNSS suppliers for the agriculture-robotics segment specifically located.,Directly extends the Agriculture-robot Perception/sensor subsystem (opened in Round 2) down to the named-component level required by the issue's Section C.
R153,2026-09-19,unknown,Cobot / industrial arm / machine tending,unknown,unknown,N/A,Safety,Power-and-force-limiting (PFL) joint torque/current sensing for human-contact safety,unknown,unknown,unknown,unknown,unknown,unknown,"ISO/TS 15066 (the world's first collaborative-robot-specific safety specification, supplementing ISO 10218-1/-2) defines four collaborative-operation modes: safety-rated monitored stop, hand guiding, speed-and-separation monitoring, and power-and-force limiting (PFL); PFL uses joint torque sensing, motor current monitoring, or dedicated force sensors to detect human contact and limit contact force/pressure below injury thresholds defined in ISO/TS 15066 Table A.2, which specifies limits for 29 specific body areas grouped into 12 body regions.",https://www.automate.org/robotics/tech-papers/iso-ts-15066-explained,industry association (Association for Advancing Automation / Automate.org),unknown,Paraphrase captured directly in the Raw claim / fact column above (see Source URL for original wording).,high,fact,No manufacturer-level component (which named torque-sensor/current-monitoring chip suppliers implement PFL compliance) breakdown located in this specific search round.,Deepens the Safety subsystem (opened in Round 1 with ISO 10218) with the cobot-specific ISO/TS 15066 standard and its concrete PFL mechanism -- the technical link between the Safety subsystem and the Motion/actuator subsystem's torque sensor (added Round 2).
R154,2026-09-19,unknown,"Multiple (AMR, mobile cobot)",unknown,unknown,N/A,Communication,5G / cellular connectivity module (factory-wide wireless control),unknown,unknown,unknown,unknown,unknown,unknown,"Most industrial robots remain wired because current wireless speeds cannot support the data throughput of a warehouse-scale robot fleet; 5G Ultra-Reliable Low-Latency Communication (URLLC) is positioned as the technology enabling motion control, mobile-robot control and safety functions to move wireless, letting robots move freely across a factory/campus's full 5G coverage; a named example: a Beijing automaker deploying 5G industrial transfer robots using Qualcomm and Thundercomm (China) 5G/AI technology.",https://www.i4verse.com/article/role-of-5g-in-enabling-advanced-robotics-and-ai-in-manufacturing,industry publication,unknown,Paraphrase captured directly in the Raw claim / fact column above (see Source URL for original wording).,medium,fact,No US or AU factory-scale 5G-robotics deployment example located in this search round (only the China/Beijing example) -- flagged as a US/AU adoption-lag data gap for this specific technology.,"Extends the Communication subsystem (opened Round 1 with EtherCAT/wired fieldbus) with the wireless/5G layer and an explicit named China deployment example, contrasted with an absence of found US/AU examples."
R155,2026-09-19,US,Startup-built custom robot systems,Pre-seed/seed hardware-robotics founders,Accelerator/incubator support,N/A,unknown,unknown,unknown,unknown,unknown,unknown,unknown,unknown,"HAX (part of SOSV) is named as one of the few accelerators purpose-built for hardware/robotics, headquartered in Newark, NJ with deep Shenzhen engineering-support roots and an SF presence; provides up to US$500,000 early investment plus daily hands-on engineering support via a 6-month 'build-first' residency (focus: industrial automation, robotics, advanced materials, climate/health hardware, 'atoms + AI'); since opening its Newark site (spring 2024), HAX has backed 50+ startups, created 160+ jobs, and those companies have collectively raised $60M+ in follow-on funding. Y Combinator's recent batches are described as having become 'unmistakably physical-AI heavy.'",https://www.peony.ink/blog/hardware-accelerators,industry publication,2026,Paraphrase captured directly in the Raw claim / fact column above (see Source URL for original wording).,medium,fact,No AU-based hardware-robotics accelerator/incubator with comparable scale identified in this pass -- a specific AU startup-support-infrastructure gap.,"Extends the Startup-built custom robot systems category with concrete US startup-support-infrastructure data (accelerators, funding-per-program, follow-on-funding outcomes) not previously present in either pass."
R156,2026-09-19,Global,Maker / hobby / education robot,unknown,unknown,N/A,unknown,3D-printer filament (PLA/ABS/PETG/TPU),PLA; ABS; PETG; TPU,unknown,unknown,China (Guangdong -- electronics-supply-chain/port-access cluster; Zhejiang -- chemical-materials cluster),"China dominates global 3D-printer-filament production; Guangdong is the primary manufacturing cluster (named suppliers: Shenzhen Qi Pang Technology, Zhuhai Sunlu Industrial) benefiting from mature electronics supply chains and port access, while Zhejiang supplies chemical-material infrastructure; Polymaker (Suzhou-headquartered, global distribution) is a named China-based filament maker with international R&D centers; claimed cost advantage is 30-50% lower than Western filament producers via economies of scale.",unknown,China 3D-printer-filament suppliers offer 1.75mm/2.85mm diameter options across PLA/ABS/PETG/TPU with +/-0.02mm precision tolerance and flexible MOQs; several named suppliers report 100% on-time delivery rates in the source (self-reported).,https://jingsourcing.com/p/wholesale-3d-printing-filament/,industry publication / sourcing agent site,unknown,Paraphrase captured directly in the Raw claim / fact column above (see Source URL for original wording).,low,supplier-claimed,No US-based filament manufacturer's market share identified for direct comparison.,Directly relevant to the maker/hobby view's 3D-printing material-sourcing question (relates to Pass-1 gap #8).
R157,2026-09-19,US,Startup-built custom robot systems,Hardware/robotics startups and OEMs,On-demand manufacturing marketplace (CNC/3D-print/injection-molding sourcing),N/A,unknown,unknown,unknown,unknown,"Xometry (US, North Bethesda MD, founded 2013, $687M 2025 revenue, 1,500 employees, 5,000+ global manufacturing partners, AI Instant Quoting Engine); Protolabs (US, Maple Plain MN, founded 1999, public since 2012); Fictiv (US, founded 2013, clients include Amazon Robotics)","US (Xometry, Protolabs, Fictiv are all US-headquartered platforms that route orders to a global, partly China-inclusive, partner-manufacturer network)",unknown,unknown,"Xometry, Protolabs and Fictiv are the three most-cited on-demand/digital manufacturing marketplaces used by US hardware/robotics startups, spanning CNC machining, 3D printing, injection molding and sheet metal; Fictiv is specifically named as building parts for robots, with Amazon Robotics cited as a client.",https://en.wikipedia.org/wiki/Xometry,"industry publication / company data (Wikipedia, cross-referenced with company disclosures)",2025-2026,Paraphrase captured directly in the Raw claim / fact column above (see Source URL for original wording).,medium,fact,No equivalent AU-based on-demand-manufacturing marketplace identified with comparable scale in this search round.,Directly extends the Startup-built custom robot systems category with the concrete US sourcing-infrastructure layer that sits between a startup's CAD/BOM (Round 3) and actual fabrication.
R158,2026-09-19,Global,Inspection / field robot,unknown,unknown,N/A,Perception / sensor,Drone gimbal / stabilized camera system,unknown,unknown,DJI (CN),China (DJI),"DJI holds over 70% of the global consumer and commercial drone market, the largest share of any single manufacturer, extending to gimbal-camera systems; DJI designs and manufactures camera systems, gimbal stabilizers, propulsion systems, enterprise software, aerial-agriculture equipment and flight-control systems in-house (vertically integrated); March 2026 DJI Avata 360 launch (8K/60fps, dual high-res sensors, omnidirectional obstacle avoidance) shown as a recent product example.","DJI is excluded from US government and federally funded programs under NDAA (National Defense Authorization Act) restrictions -- a direct US policy friction against the single most dominant supplier in this component category, forcing US federal/defense-adjacent inspection-robot buyers toward alternative (non-DJI) drone/gimbal suppliers at a cost/capability disadvantage.","Highest-demand 2026 commercial drone services are infrastructure inspection (roofing, power lines, cell towers), construction-progress monitoring, agricultural crop monitoring/spraying, and public-safety support -- directly overlapping the issue's Inspection/field robot and Agriculture robot categories.",https://en.wikipedia.org/wiki/DJI,industry publication / company data,2026,Paraphrase captured directly in the Raw claim / fact column above (see Source URL for original wording).,high,fact,No AU-specific DJI-restriction policy (comparable to the US NDAA exclusion) identified in this pass.,"A second strong, explicit China-concentration + US-friction pairing (after LiDAR and humanoid-hands) for a named, dominant component supplier directly relevant to the Inspection/field robot category."
R159,2026-09-19,China,Multiple,Robotics OEMs / startups (component sourcing),Local component-cluster sourcing speed,N/A,unknown,unknown,unknown,unknown,unknown,unknown,"Shenzhen's robotics industry reached 242.6B yuan output value in 2025 (+20.56% YoY); industrial-robot production ~194,900 units (25.2% of China's national share); service-robot production 7.96M units (42.9% of China's national market); 1,000+ core robotics enterprises and 2,600+ above-designated-size AI enterprises in Shenzhen by 2026; within a 100km radius of central Shenzhen, a company can source brushless DC motors, harmonic drives, strain-wave gears, CNC-machined aluminum frames, injection-molded housings, custom PCBs, depth cameras, IMUs, force-torque sensors and power electronics, often with first samples in one week; Shenzhen's 2025-2027 Action Plan for Embodied Intelligent Robotics targets expanding the cluster to 1,200+ enterprises and fostering 10+ companies valued at US$1.4B+, while advancing AI chips and dexterous manipulation.",unknown,"Shenzhen's hardware ecosystem enables robotic-arm prototyping in days rather than months, attributed not just to price but to suppliers' comfort with short development cycles and frequent design changes -- a structural speed/flexibility advantage distinct from (and compounding) the raw cost advantage documented elsewhere in this dataset.",https://corematter.substack.com/p/inside-chinas-robotics-supply-chain,industry publication / independent commentary,2026,Paraphrase captured directly in the Raw claim / fact column above (see Source URL for original wording).,medium,fact,"Source is independent commentary, not a primary government/institutional source for the enterprise-count and output-value figures -- flagged as needing primary-source corroboration (e.g. Shenzhen municipal statistics bureau) if used for a decision.","The single most comprehensive 'why China wins structurally' narrative record in the dataset -- names nearly every component category already logged elsewhere (motors, harmonic drives, PCBs, IMUs, force-torque sensors) as available within one geographic cluster, directly matching the issue's required 'China structural advantage at the market-map level' research-chain endpoint."
R160,2026-09-19,AU,Multiple,unknown,unknown,N/A,unknown,Machinery / capital goods (import from US),unknown,unknown,unknown,unknown,unknown,"Under AUSFTA (signed 18 May 2004, in force 1 Jan 2005), Australia eliminated all tariffs on capital-goods/machinery imports from the US immediately upon implementation (prior AU tariffs on machinery parts ranged 0-15%, averaging 3.5% in 2003); the US eliminated all tariffs on capital goods immediately except certain hand tools/vises-clamps (phased over 4 years); AUSFTA-qualifying goods currently enter at 0% duty plus a 10% Section 122 surcharge, for an effective 10% total.","AUSFTA capital-goods tariff elimination is bilateral and near-total, meaning AU-US robotics/machinery trade in either direction faces materially lower tariff friction (effectively ~10% AU-side, per the GST-equivalent Section 122 surcharge) than either country's trade with China under Section 301/general-MFN tariffs.",https://www.dfat.gov.au/about-us/publications/trade-investment/australia-united-states-free-trade-agreement-guide-to-the-agreement/Pages/ausfta-guide,government publication (Australian Dept. of Foreign Affairs and Trade),2004-2026,Paraphrase captured directly in the Raw claim / fact column above (see Source URL for original wording).,high,fact,No robotics-specific (vs. general capital-goods) AUSFTA tariff-line detail located.,"Primary AU-government source; establishes the baseline AU-US trade-friction floor (near-zero) against which the earlier ChAFTA (China) and Section-301 (US-China) friction records in this dataset can be read as relative comparisons -- not merged into one conclusion, kept as a separate record per the raw-data rule."
R161,2026-09-19,US,Service robot,Food delivery platforms / university campuses / retailers,Sidewalk last-mile delivery robot,commercial,unknown,unknown,unknown,unknown,unknown,unknown,unknown,unknown,"Sidewalk delivery-robot fleets (Yango, Starship, Serve Robotics, Cartken, Coco) grew 3.2x from 2025 to Q2 2026; 30+ US states had delivery-robot laws enabling wider deployment as of early 2026; Starship reports 9M+ autonomous deliveries, 2,700+ robots, 150+ locations including 60+ US university campuses, targeting 12,000+ robots by 2027; Serve Robotics (spun out of Uber, 2021) deployed 1,000 3rd-gen robots by 2025, partnered with Uber Eats; Kiwibot rebranded to Robot.com (2025), 500+ robots across US/Canada/Middle East via Sodexo/Grubhub/Aramark partnerships; Coco Robotics targets 10,000 robots by end of 2026.",https://cxtms.com/blog/autonomous-delivery-robots-beyond-sidewalks-state-laws-last-mile-2026,industry publication,2026,Paraphrase captured directly in the Raw claim / fact column above (see Source URL for original wording).,medium,fact,No AU sidewalk-delivery-robot deployment or regulatory-status data located.,Substantially deepens Service robot category (Pass 1 + this pass's earlier rounds were market-size-only) with named-company unit-deployment figures and a state-regulatory-enablement data point.
R162,2026-09-19,US,Exoskeleton / wearable robot,"Automotive/aerospace manufacturers, logistics/warehouse operators",Passive/active exoskeleton for ergonomic support,commercial,unknown,unknown,unknown,unknown,unknown,unknown,unknown,unknown,"US exoskeleton market sized at US$1.02B in 2026 (North America overall projected US$1.37B in 2026); manufacturing (notably automotive/aerospace) accounts for 68% of exoskeleton shipments/revenue within the industrial segment, followed by construction, oil/gas, energy/utilities, agriculture and mining; upper-body exoskeletons hold 45.74% product-type share in 2026; NASA, Boeing and GM have deployed passive exoskeletons as standard warehouse-operations equipment; Toyota has deployed hundreds of Levitate Technologies-designed exoskeleton suits across US manufacturing plants.",https://www.fortunebusinessinsights.com/wearable-robotic-exoskeleton-market-104664,market research report,2026,Paraphrase captured directly in the Raw claim / fact column above (see Source URL for original wording).,medium,fact,No AU exoskeleton-market or deployment data located in this pass.,"New category added beyond the issue's named 8, per the issue's explicit allowance for an important additional category discovered during research -- exoskeletons are a distinct, well-evidenced US industrial-robotics-adjacent category with clear named OEM deployments (NASA/Boeing/GM/Toyota) not covered by any of the original 8."
R163,2026-09-19,China,"Multiple (humanoid, cobot, AMR)",unknown,unknown,N/A,Motion / actuator,Absolute/incremental rotary encoder,unknown,unknown,"Shanghai Hengxiang Optical Electronics (CN); Lorentzzi Electric (CN); Hansheng (CN, exports to 60+ countries incl. US and Australia); Kubler, Hengstler (DE); Koyo, Yokogawa (JP)","China (Shanghai Hengxiang, Lorentzzi, Hansheng); Germany (Kubler, Hengstler); Japan (Koyo, Yokogawa)","Multiple named China-based rotary-encoder manufacturers (Shanghai Hengxiang, Lorentzzi Electric, Hansheng) supply robotics-grade absolute/incremental optical and magnetic encoders; Hansheng specifically is named as exporting to 60+ countries including the US and Australia directly, i.e. a concrete, named China-to-AU encoder export channel (not just a general claim).",unknown,"China-based encoder manufacturers serve elevator, motor, CNC, textile, robot, wind-power, medical and assembly-line-equipment end markets; German (Kubler, Hengstler) and Japanese (Koyo, Yokogawa) manufacturers are named as the non-China incumbent alternative.",https://www.shhxgd.com/,company official site,unknown,Paraphrase captured directly in the Raw claim / fact column above (see Source URL for original wording).,low,supplier-claimed,No price or market-share comparison between Chinese and German/Japanese encoder makers located in this pass.,"Directly closes the issue's named 'encoder' component (Motion-chain example) with a named, AU-export-confirmed China supplier -- one of the few records in the dataset with an explicit, named China-to-Australia trade channel rather than a general China-to-US-market claim."
R164,2026-09-19,US,Multiple,unknown,unknown,N/A,Compute / controller,AI/edge chip fabrication (foundry capacity),unknown,unknown,"TSMC (Taiwan, HQ; Arizona fabs, US)","Taiwan (HQ, leading-edge capacity); US (Arizona, ramping)",unknown,unknown,"TSMC's first Arizona fab is operational, achieving yields 'as good as' its flagship Taiwan fab, and is manufacturing chips for NVIDIA's Blackwell AI processors -- the first time TSMC has produced cutting-edge AI silicon outside Taiwan; TSMC is investing a further US$100B in Arizona expansion (total project scope raised to US$265B), with a second fab moving in equipment, a third under construction, and preparatory work started on a fourth fab plus the site's first advanced-packaging facility; the completed Arizona footprint is planned at 12 fabrication/advanced-packaging facilities plus an R&D center.",https://www.enr.com/articles/63349-tsmc-arizona-megaproject-grows-to-265-billion,industry publication,2026-07,Paraphrase captured directly in the Raw claim / fact column above (see Source URL for original wording).,high,fact,"No figure located for what share of NVIDIA Jetson (robotics edge-AI) chips specifically will be fabricated in Arizona vs. Taiwan -- the Arizona ramp is documented at the general AI-chip level (Blackwell/data-center), not confirmed for the robotics-specific Jetson/Thor line.",Directly closes the gap flagged in this pass's Round 4 NVIDIA Jetson record ('NVIDIA is fabless -- actual chip fabrication not addressed') with the concrete US onshoring data point.
R165,2026-09-19,US,Multiple,unknown,unknown,N/A,Motion / actuator,"Rare-earth elements (mining + processing, upstream of NdFeB magnets)","Rare-earth oxides/metals (incl. neodymium, dysprosium, terbium, yttrium, holmium, erbium, thulium, europium, ytterbium)",unknown,unknown,unknown,"China controls ~90% of global rare-earth processing capacity (vs. a much less concentrated share of raw ore reserves) plus dominant shares of tungsten (80%) and antimony (60%); this processing dominance -- built over three decades of separating/refining/converting capacity -- makes China's rare-earth leverage structural and processing-based rather than simply resource-based, and falls almost entirely on the importing side.","China's first major 2025 rare-earth export-control wave (April 2025) placed 7 heavy rare-earth elements plus compounds/metals/magnets under mandatory licensing with end-use disclosure requirements; a second wave (extending to holmium, erbium, thulium, europium, ytterbium plus a sweeping foreign-direct-product rule requiring Chinese government approval for any product anywhere containing >=0.1% Chinese-origin rare earths or made using Chinese processing technology) was suspended for one year effective November 2026, but the original April 2025 controls remain fully operational; measured impact: yttrium shipments to the US fell to ~42% of pre-restriction volumes, dysprosium to ~41%, terbium to ~49%.","China's rare-earth export-control architecture in 2025-2026 operates through multiple mechanisms simultaneously: element-specific licensing, end-use disclosure, and (temporarily suspended) an extraterritorial foreign-direct-product rule -- with measured 40-50% shipment-volume drops to the US for several critical elements during the restriction period.",https://www.csis.org/analysis/rare-earth-export-restrictions-one-year-later,think tank / policy research publication (CSIS),2026,Paraphrase captured directly in the Raw claim / fact column above (see Source URL for original wording).,high,fact,"No AU-specific rare-earth shipment-volume impact figure located (AU is itself a rare-earth miner via Lynas, but this pass did not locate AU import-dependency data for processed rare-earth magnet inputs specifically).",Substantially broadens this pass's earlier NdFeB-magnet-tariff record (Round 3) from a single-component/single-mechanism (Section 301 tariff) view to the full upstream mining-and-processing structural-dominance picture the issue's research chain explicitly asks for ('China structural supply advantage o cap nganh/process').
R166,2026-09-19,Global,"Multiple (humanoid, AMR, cobot)",unknown,unknown,N/A,Compute / controller,"Robot simulation / development software (digital twin, synthetic training data)",unknown,unknown,"NVIDIA (US, Isaac Sim on Omniverse; Isaac ROS built on open-source ROS 2)",US (NVIDIA),unknown,unknown,"NVIDIA Isaac Sim (built on Omniverse) provides GPU-accelerated physics simulation, multi-sensor RTX rendering, synthetic data generation, reinforcement learning and ROS 2 integration for developing AMRs, robot arms/manipulators and humanoids; Isaac ROS is built on the open-source ROS 2 framework used by 'millions of developers'; GTC 2026 announced an early Isaac Sim 6.0 release with enhanced ROS 2 Jazzy support, new 'Robot Inspector'/'Robot Poser' developer tools, and a new physics engine ('Newton') released publicly.",https://developer.nvidia.com/isaac,company official site / developer platform,2026-03,Paraphrase captured directly in the Raw claim / fact column above (see Source URL for original wording).,high,fact,"Software/simulation-tooling layer, not a physical-component supply-chain fact -- included as Compute/controller-adjacent tooling per the issue's chain including 'Compute/controller' broadly; no China-based competitor simulation platform identified in this search round.",
R167,2026-09-19,US,Agriculture robot,Row-crop and specialty-crop farm operators,Labor-shortage-driven automation demand,N/A,unknown,unknown,unknown,unknown,unknown,unknown,unknown,"An estimated 2.4 million agricultural jobs were open in the US in 2024, with 56% of farmers reporting labor shortages; a NC State labor economist frames immigration policy as only the short-term lever and automation as the necessary long-term solution given rising labor costs and political bottlenecks around guest-worker programs; automation's own adoption friction is flagged: initial investment cost can be prohibitive for small/mid-sized (particularly organic) operations.","US farm-labor shortage is explicitly and repeatedly named in agricultural-policy sources as the primary demand driver behind agricultural-robot adoption (weeding, harvesting, irrigation, crop monitoring), directly reinforcing this pass's earlier Carbon Robotics/Harvest CROO/FarmWise records (Round 2) with the underlying labor-economics driver rather than just the product-level adoption facts.",https://news.ncsu.edu/2026/09/policy-and-automation-are-key-solutions-to-ag-labor-shortages/,university / research institution publication,2026-09,Paraphrase captured directly in the Raw claim / fact column above (see Source URL for original wording).,medium,fact,No equivalent AU farm-labor-shortage quantification located in this specific search round for direct US/AU comparison.,"Demand-side driver record (labor shortage -> automation demand), distinct from the supply-side friction records elsewhere in this dataset -- both are explicitly requested by the issue's research chain ('Buyer/User -> Use case')."
R168,2026-09-19,US,Maker / hobby / education robot,unknown,unknown,N/A,unknown,Electronic component distribution (hobbyist/prototype-quantity sourcing),unknown,unknown,"Digi-Key (US, Thief River Falls MN); Mouser Electronics (US, Mansfield TX)","US (Digi-Key, Mouser -- both US-headquartered, globally shipping distributors)",unknown,unknown,"Digi-Key and Mouser are named as the two largest electronic-component distributors serving hobbyists/prototypers, both offering same-day shipping to 180+ countries and no-minimum-order-quantity purchasing (suited to single-unit maker/prototype needs, unlike bulk-only industrial distribution); during the semiconductor chip shortage, Mouser added 130+ new semiconductor/component-manufacturer lines to widen substitute-part availability, and Digi-Key expanded its Product Distribution Center by 2.2 million sq ft to meet demand.",https://electronics360.globalspec.com/article/18708/mouser-now-stocking-electronic-components-from-36-new-vendors,industry publication,unknown,Paraphrase captured directly in the Raw claim / fact column above (see Source URL for original wording).,medium,fact,No AU-based equivalent hobbyist-scale component distributor identified with comparable scale/shipping-speed data.,Directly extends the maker/hobby view's electronics-sourcing-infrastructure coverage (complementing the Arduino/Raspberry Pi record from Round 7) with the distribution-channel layer between component manufacturer and hobbyist builder.
R169,2026-09-19,Global,Multiple,Manufacturing sector (cross-country),Industrial robot density (primary IFR comparison data),N/A,unknown,unknown,unknown,unknown,unknown,unknown,unknown,unknown,"South Korea has the world's highest robot density at 1,220 robots per 10,000 manufacturing employees (7% average annual growth since 2019); Germany ranks 3rd globally at 449; Japan is close behind at 446; Western Europe overall reached a record 267 robots/10,000 employees in 2024 vs North America's 204 and Asia's 131; China's robot density is 166/10,000 employees, growing 17% YoY. (Cross-reference: this pass's earlier US-specific record, Round 5, put US density at 307/10,000 manufacturing employees -- both figures are IFR-sourced but from different reports/base populations and are kept as separate records rather than reconciled, per the raw-data rule, since the exact denominator population may differ between 'US manufacturing employees' and the cross-country comparison set.)",https://ifr.org/ifr-press-releases/news/global-robotics-race-korea-singapore-and-germany-in-the-lead,industry standards body (IFR),2026,Paraphrase captured directly in the Raw claim / fact column above (see Source URL for original wording).,high,fact,"Australia's robot density figure specifically was not located/reported in this IFR release -- AU is notably absent from the named top-automated economies (Korea, Singapore, Germany, Japan, Taiwan), a real and notable AU coverage gap given the issue's AU focus.","Places the US's 307/10,000 density figure (Round 5) into international context; explicitly flags that Australia's density is not disclosed in the located IFR release -- a genuine AU data gap, not silently omitted."
R170,2026-09-19,AU,Multiple,Manufacturing/logistics/warehouse employers,Robotics/automation workforce training response,N/A,unknown,unknown,unknown,unknown,unknown,unknown,unknown,"Australian Industry Group's 2026 Industry Outlook found more businesses expect workforce shortages to worsen in 2026 than in 2025, concentrated at the skilled end (technicians, trades, engineers) at rates barely improved from pandemic-peak levels; existing vocational training is flagged as not consistently preparing workers for automated systems/warehouse-management platforms, requiring employers to invest in additional training.",AU government policy response includes: JobTrainer Fund allocations for logistics-specific qualifications; an Industry Reference Committee developing new competency standards; regional skills-training programs and warehouse-automation apprenticeship pathways; a March 2026 A$66M Cooperative Research Centres Projects grant round (27 projects) with Round 18 explicitly prioritizing robotics/automation; and a broader A$1.2B Digital Economy Strategy that includes robotics workforce development and digital-skills training.,https://austlogistics.com.au/wp-content/uploads/2026/04/Submission-260428-2026-Draft-Industry-Skill-Australia-Workforce-Planning.pdf,industry association submission / government-adjacent policy document,2026-04,Paraphrase captured directly in the Raw claim / fact column above (see Source URL for original wording).,medium,fact,"No quantified AU-specific 'unfilled robotics/automation jobs' figure comparable to the US's 500,000/1.9M figures (Round 4) was located.","Directly mirrors this pass's Round 4 US-workforce-shortage record with an AU-side equivalent -- both a friction (skills shortage) and a policy response (funding programs), closing a structural gap in the US/AU-parallel evidence base."
R171,2026-09-19,Global,AMR / warehouse / logistics,unknown,unknown,N/A,Power,Charging dock / docking station (auto-align fleet charging),unknown,unknown,"Phihong (TW/US); Hai Robotics (CN, HaiCharger); Nyobolt (UK, fast-charge battery+dock); Delta-Q Technologies (CA); Hikrobot (CN)","Taiwan/US (Phihong); China (Hai Robotics, Hikrobot); UK (Nyobolt); Canada (Delta-Q)",unknown,unknown,"AMR/AGV fleet-charging docks use auto-align self-navigation to connect robots to a charging interface without human input; smart docks tune output based on state-of-charge, temperature and battery chemistry; Hikrobot's AMRs are cited as achieving millimeter-level docking precision with production-line equipment; Nyobolt's fast-charging batteries enable near-continuous (up to 100% uptime) operation via in-process/opportunity charging rather than scheduled downtime charging.",https://www.phihong.com/best-guide-to-robotic-docking-and-charging-stations-how-manufacturers-design-modular-solutions-for-amrs-agvs-autonomous-robots-and-warehouse-robots/,company official site / industry publication,unknown,Paraphrase captured directly in the Raw claim / fact column above (see Source URL for original wording).,low,supplier-claimed,No US-based AMR-charging-dock manufacturer with comparable named market presence identified in this search round.,Extends the Power subsystem (Round 4 battery-pack record) with the charging-infrastructure component specifically named in real AMR deployment contexts.
